{
  "startEquipment": {
    "name": "NY10DG110",
    "locationUID": "LOC0000000000195746",
    "x": -73.5913898,
    "y": 40.7934065
  },
  "cell": {
    "name": "NY10DG110",
    "vertices": [
      -73.5937225,
      40.8042174,
      -73.5941515,
      40.8038072,
      -73.594456,
      40.8034748,
      -73.5947926,
      40.8032073,
      -73.5950709,
      40.8029599,
      -73.5957555,
      40.8024531,
      -73.5961632,
      40.8022236,
      -73.5963832,
      40.8020673,
      -73.5965629,
      40.8019576,
      -73.5967319,
      40.8018358,
      -73.5946102,
      40.8001669,
      -73.5951134,
      40.7993084,
      -73.5961422,
      40.7987138,
      -73.598771,
      40.7985623,
      -73.5995723,
      40.7929829,
      -73.5984217,
      40.7923696,
      -73.5974748,
      40.7917035,
      -73.5974808,
      40.7916462,
      -73.5966688,
      40.7902181,
      -73.5958172,
      40.7886981,
      -73.5943568,
      40.7887864,
      -73.5929178,
      40.7890697,
      -73.5924779,
      40.7861494,
      -73.5918932,
      40.7834361,
      -73.5886154,
      40.7833468,
      -73.5874782,
      40.7852721,
      -73.5863518,
      40.7872135,
      -73.5851099,
      40.7905481,
      -73.5855833,
      40.7921325,
      -73.5861077,
      40.7936519,
      -73.5865985,
      40.7951637,
      -73.5854806,
      40.7965808,
      -73.5863475,
      40.7976323,
      -73.5876147,
      40.7984398,
      -73.5891787,
      40.7996916,
      -73.5889562,
      40.7998867,
      -73.589734,
      40.8005871,
      -73.5893424,
      40.8008085,
      -73.5897018,
      40.8017627,
      -73.5910536,
      40.8020916,
      -73.5907599,
      40.8027668,
      -73.5910135,
      40.8028551,
      -73.5912924,
      40.8029444,
      -73.5915927,
      40.8030541,
      -73.5921023,
      40.8032997,
      -73.5925531,
      40.803521,
      -73.5929554,
      40.8037555,
      -73.5937225,
      40.8042174
    ]
  },
  "locations": [
    {
      "type": "Building Attachment",
      "name": "BA162",
      "x": -73.5870541,
      "y": 40.7908388,
      "uid": "LOC0000000000001393"
    },
    {
      "type": "Building Attachment",
      "name": "BA163",
      "x": -73.5871437,
      "y": 40.7911475,
      "uid": "LOC0000000000001394"
    },
    {
      "type": "Building Attachment",
      "name": "BA35",
      "x": -73.5914264,
      "y": 40.7939635,
      "uid": "LOC0000000000000799"
    },
    {
      "type": "Building Attachment",
      "name": "BA36",
      "x": -73.5915774,
      "y": 40.7938297,
      "uid": "LOC0000000000000800"
    },
    {
      "type": "Building Attachment",
      "name": "L-16X",
      "x": -73.5874701,
      "y": 40.7867474,
      "uid": "LOC0000000000001391"
    },
    {
      "type": "Building Attachment",
      "name": "L-7X",
      "x": -73.590726,
      "y": 40.7900618,
      "uid": "LOC0000000000194800"
    },
    {
      "type": "Joint Pole",
      "name": "L-1",
      "x": -73.5952635,
      "y": 40.7908358,
      "uid": "LOC0000000000056020"
    },
    {
      "type": "Joint Pole",
      "name": "L-1",
      "x": -73.5913896,
      "y": 40.7934066,
      "uid": "LOC0000000000195746"
    },
    {
      "type": "Joint Pole",
      "name": "L-1",
      "x": -73.5906077,
      "y": 40.7934418,
      "uid": "LOC0000000000056016"
    },
    {
      "type": "Joint Pole",
      "name": "L-1",
      "x": -73.5936674,
      "y": 40.794133,
      "uid": "LOC0000000000055693"
    },
    {
      "type": "Joint Pole",
      "name": "L-10",
      "x": -73.593675,
      "y": 40.7930204,
      "uid": "LOC0000000000056206"
    },
    {
      "type": "Joint Pole",
      "name": "L-10",
      "x": -73.5875743,
      "y": 40.7970079,
      "uid": "LOC0000000000056009"
    },
    {
      "type": "Joint Pole",
      "name": "L-10",
      "x": -73.5950537,
      "y": 40.7959527,
      "uid": "LOC0000000000195887"
    },
    {
      "type": "Joint Pole",
      "name": "L-10XA",
      "x": -73.5890297,
      "y": 40.7896484,
      "uid": "LOC0000000000056215"
    },
    {
      "type": "Joint Pole",
      "name": "L-10XB",
      "x": -73.5894822,
      "y": 40.7893113,
      "uid": "LOC0000000000056189"
    },
    {
      "type": "Joint Pole",
      "name": "L-11",
      "x": -73.5937487,
      "y": 40.7933028,
      "uid": "LOC0000000000055692"
    },
    {
      "type": "Joint Pole",
      "name": "L-11A",
      "x": -73.5955924,
      "y": 40.7959824,
      "uid": "LOC0000000000056178"
    },
    {
      "type": "Joint Pole",
      "name": "L-11B",
      "x": -73.5959157,
      "y": 40.7957445,
      "uid": "LOC0000000000056210"
    },
    {
      "type": "Joint Pole",
      "name": "L-11B",
      "x": -73.5889897,
      "y": 40.7887,
      "uid": "LOC0000000000049994"
    },
    {
      "type": "Joint Pole",
      "name": "L-12",
      "x": -73.5957849,
      "y": 40.7964696,
      "uid": "LOC0000000000195889"
    },
    {
      "type": "Joint Pole",
      "name": "L-13A",
      "x": -73.5965307,
      "y": 40.7964457,
      "uid": "LOC0000000000056186"
    },
    {
      "type": "Joint Pole",
      "name": "L-14",
      "x": -73.5963578,
      "y": 40.7971285,
      "uid": "LOC0000000000195891"
    },
    {
      "type": "Joint Pole",
      "name": "L-14X",
      "x": -73.5876222,
      "y": 40.7879445,
      "uid": "LOC0000000000050180"
    },
    {
      "type": "Joint Pole",
      "name": "L-15",
      "x": -73.5957312,
      "y": 40.7917968,
      "uid": "LOC0000000000056184"
    },
    {
      "type": "Joint Pole",
      "name": "L-15",
      "x": -73.5964488,
      "y": 40.7976142,
      "uid": "LOC0000000000195892"
    },
    {
      "type": "Joint Pole",
      "name": "L-15X",
      "x": -73.5875739,
      "y": 40.7874758,
      "uid": "LOC0000000000049841"
    },
    {
      "type": "Joint Pole",
      "name": "L-16",
      "x": -73.5960618,
      "y": 40.7915608,
      "uid": "LOC0000000000055864"
    },
    {
      "type": "Joint Pole",
      "name": "L-16",
      "x": -73.5964229,
      "y": 40.797974,
      "uid": "LOC0000000000195893"
    },
    {
      "type": "Joint Pole",
      "name": "L-16X",
      "x": -73.5877092,
      "y": 40.7869589,
      "uid": "LOC0000000000050002"
    },
    {
      "type": "Joint Pole",
      "name": "L-17",
      "x": -73.5964075,
      "y": 40.7913459,
      "uid": "LOC0000000000055860"
    },
    {
      "type": "Joint Pole",
      "name": "L-17X",
      "x": -73.5879292,
      "y": 40.7865181,
      "uid": "LOC0000000000054693"
    },
    {
      "type": "Joint Pole",
      "name": "L-18",
      "x": -73.5968139,
      "y": 40.7914804,
      "uid": "LOC0000000000055691"
    },
    {
      "type": "Joint Pole",
      "name": "L-18",
      "x": -73.5958,
      "y": 40.7986772,
      "uid": "LOC0000000000195895"
    },
    {
      "type": "Joint Pole",
      "name": "L-18A",
      "x": -73.5889375,
      "y": 40.7862438,
      "uid": "LOC0000000000050020"
    },
    {
      "type": "Joint Pole",
      "name": "L-18X",
      "x": -73.5882244,
      "y": 40.7861248,
      "uid": "LOC0000000000049677"
    },
    {
      "type": "Joint Pole",
      "name": "L-19",
      "x": -73.5973264,
      "y": 40.7918649,
      "uid": "LOC0000000000056192"
    },
    {
      "type": "Joint Pole",
      "name": "L-19",
      "x": -73.5954482,
      "y": 40.7990058,
      "uid": "LOC0000000000195896"
    },
    {
      "type": "Joint Pole",
      "name": "L-1X",
      "x": -73.5912171,
      "y": 40.7933038,
      "uid": "LOC0000000000056203"
    },
    {
      "type": "Joint Pole",
      "name": "L-2",
      "x": -73.5953772,
      "y": 40.7912405,
      "uid": "LOC0000000000056018"
    },
    {
      "type": "Joint Pole",
      "name": "L-2",
      "x": -73.590215,
      "y": 40.7937072,
      "uid": "LOC0000000000056012"
    },
    {
      "type": "Joint Pole",
      "name": "L-2",
      "x": -73.5937725,
      "y": 40.7938265,
      "uid": "LOC0000000000056205"
    },
    {
      "type": "Joint Pole",
      "name": "L-2",
      "x": -73.5917235,
      "y": 40.7937024,
      "uid": "LOC0000000000195747"
    },
    {
      "type": "Joint Pole",
      "name": "L-20",
      "x": -73.5968618,
      "y": 40.7921865,
      "uid": "LOC0000000000055828"
    },
    {
      "type": "Joint Pole",
      "name": "L-21",
      "x": -73.5967166,
      "y": 40.7925314,
      "uid": "LOC0000000000056025"
    },
    {
      "type": "Joint Pole",
      "name": "L-21",
      "x": -73.5947882,
      "y": 40.7996247,
      "uid": "LOC0000000000196595"
    },
    {
      "type": "Joint Pole",
      "name": "L-22",
      "x": -73.5965639,
      "y": 40.792861,
      "uid": "LOC0000000000056006"
    },
    {
      "type": "Joint Pole",
      "name": "L-23",
      "x": -73.5963294,
      "y": 40.7932076,
      "uid": "LOC0000000000056177"
    },
    {
      "type": "Joint Pole",
      "name": "L-24",
      "x": -73.596069,
      "y": 40.7935305,
      "uid": "LOC0000000000055859"
    },
    {
      "type": "Joint Pole",
      "name": "L-25",
      "x": -73.5957352,
      "y": 40.7938156,
      "uid": "LOC0000000000056204"
    },
    {
      "type": "Joint Pole",
      "name": "L-26",
      "x": -73.5957386,
      "y": 40.7942094,
      "uid": "LOC0000000000056174"
    },
    {
      "type": "Joint Pole",
      "name": "L-27",
      "x": -73.5957558,
      "y": 40.7946077,
      "uid": "LOC0000000000055833"
    },
    {
      "type": "Joint Pole",
      "name": "L-2X",
      "x": -73.5910135,
      "y": 40.7931684,
      "uid": "LOC0000000000056008"
    },
    {
      "type": "Joint Pole",
      "name": "L-2XS",
      "x": -73.5912064,
      "y": 40.7930161,
      "uid": "LOC0000000000056013"
    },
    {
      "type": "Joint Pole",
      "name": "L-3",
      "x": -73.5954435,
      "y": 40.7915578,
      "uid": "LOC0000000000056007"
    },
    {
      "type": "Joint Pole",
      "name": "L-3",
      "x": -73.5899862,
      "y": 40.7939038,
      "uid": "LOC0000000000056212"
    },
    {
      "type": "Joint Pole",
      "name": "L-3",
      "x": -73.593488,
      "y": 40.7936307,
      "uid": "LOC0000000000056207"
    },
    {
      "type": "Joint Pole",
      "name": "L-3",
      "x": -73.5924048,
      "y": 40.7941248,
      "uid": "LOC0000000000195748"
    },
    {
      "type": "Joint Pole",
      "name": "L-3A",
      "x": -73.5903839,
      "y": 40.794135,
      "uid": "LOC0000000000056040"
    },
    {
      "type": "Joint Pole",
      "name": "L-3B",
      "x": -73.5907786,
      "y": 40.7943422,
      "uid": "LOC0000000000056001"
    },
    {
      "type": "Joint Pole",
      "name": "L-3C",
      "x": -73.5913209,
      "y": 40.7946506,
      "uid": "LOC0000000000056004"
    },
    {
      "type": "Joint Pole",
      "name": "L-3X",
      "x": -73.590346,
      "y": 40.792837,
      "uid": "LOC0000000000056026"
    },
    {
      "type": "Joint Pole",
      "name": "L-4",
      "x": -73.5926789,
      "y": 40.7942981,
      "uid": "LOC0000000000195749"
    },
    {
      "type": "Joint Pole",
      "name": "L-4",
      "x": -73.5895614,
      "y": 40.7943263,
      "uid": "LOC0000000000056213"
    },
    {
      "type": "Joint Pole",
      "name": "L-4 1/2",
      "x": -73.5898417,
      "y": 40.7924703,
      "uid": "LOC0000000000000798"
    },
    {
      "type": "Joint Pole",
      "name": "L-43",
      "x": -73.5965768,
      "y": 40.7902681,
      "uid": "LOC0000000000195731"
    },
    {
      "type": "Joint Pole",
      "name": "L-44",
      "x": -73.5961499,
      "y": 40.790364,
      "uid": "LOC0000000000195732"
    },
    {
      "type": "Joint Pole",
      "name": "L-45",
      "x": -73.5957165,
      "y": 40.7904576,
      "uid": "LOC0000000000195733"
    },
    {
      "type": "Joint Pole",
      "name": "L-46",
      "x": -73.5951893,
      "y": 40.7905684,
      "uid": "LOC0000000000195734"
    },
    {
      "type": "Joint Pole",
      "name": "L-47",
      "x": -73.5948679,
      "y": 40.7906382,
      "uid": "LOC0000000000195735"
    },
    {
      "type": "Joint Pole",
      "name": "L-48",
      "x": -73.5945943,
      "y": 40.7907482,
      "uid": "LOC0000000000195736"
    },
    {
      "type": "Joint Pole",
      "name": "L-48A",
      "x": -73.594343,
      "y": 40.7905116,
      "uid": "LOC0000000000055865"
    },
    {
      "type": "Joint Pole",
      "name": "L-49",
      "x": -73.594294,
      "y": 40.7909052,
      "uid": "LOC0000000000195737"
    },
    {
      "type": "Joint Pole",
      "name": "L-4A",
      "x": -73.5904126,
      "y": 40.7922754,
      "uid": "LOC0000000000056185"
    },
    {
      "type": "Joint Pole",
      "name": "L-4B",
      "x": -73.5910735,
      "y": 40.7920286,
      "uid": "LOC0000000000055854"
    },
    {
      "type": "Joint Pole",
      "name": "L-4C",
      "x": -73.5917186,
      "y": 40.7917873,
      "uid": "LOC0000000000056183"
    },
    {
      "type": "Joint Pole",
      "name": "L-4D",
      "x": -73.5922921,
      "y": 40.7916037,
      "uid": "LOC0000000000056003"
    },
    {
      "type": "Joint Pole",
      "name": "L-4E",
      "x": -73.5923445,
      "y": 40.7913248,
      "uid": "LOC0000000000056199"
    },
    {
      "type": "Joint Pole",
      "name": "L-4F",
      "x": -73.5924021,
      "y": 40.7910137,
      "uid": "LOC0000000000056197"
    },
    {
      "type": "Joint Pole",
      "name": "L-4X",
      "x": -73.5900667,
      "y": 40.7926649,
      "uid": "LOC0000000000055830"
    },
    {
      "type": "Joint Pole",
      "name": "L-5",
      "x": -73.5954151,
      "y": 40.7919879,
      "uid": "LOC0000000000056200"
    },
    {
      "type": "Joint Pole",
      "name": "L-5",
      "x": -73.5889064,
      "y": 40.7948781,
      "uid": "LOC0000000000056181"
    },
    {
      "type": "Joint Pole",
      "name": "L-5",
      "x": -73.5929113,
      "y": 40.7944609,
      "uid": "LOC0000000000195750"
    },
    {
      "type": "Joint Pole",
      "name": "L-52",
      "x": -73.5934284,
      "y": 40.7917098,
      "uid": "LOC0000000000195740"
    },
    {
      "type": "Joint Pole",
      "name": "L-53",
      "x": -73.5931073,
      "y": 40.7919805,
      "uid": "LOC0000000000195741"
    },
    {
      "type": "Joint Pole",
      "name": "L-54A",
      "x": -73.5925253,
      "y": 40.7920348,
      "uid": "LOC0000000000056041"
    },
    {
      "type": "Joint Pole",
      "name": "L-54B",
      "x": -73.5922573,
      "y": 40.7918544,
      "uid": "LOC0000000000056193"
    },
    {
      "type": "Joint Pole",
      "name": "L-55",
      "x": -73.5923575,
      "y": 40.7926534,
      "uid": "LOC0000000000195743"
    },
    {
      "type": "Joint Pole",
      "name": "L-56",
      "x": -73.5921368,
      "y": 40.7928439,
      "uid": "LOC0000000000195744"
    },
    {
      "type": "Joint Pole",
      "name": "L-5X",
      "x": -73.5896152,
      "y": 40.7922122,
      "uid": "LOC0000000000055686"
    },
    {
      "type": "Joint Pole",
      "name": "L-6",
      "x": -73.5886403,
      "y": 40.7951006,
      "uid": "LOC0000000000055827"
    },
    {
      "type": "Joint Pole",
      "name": "L-6",
      "x": -73.5950835,
      "y": 40.7922043,
      "uid": "LOC0000000000056039"
    },
    {
      "type": "Joint Pole",
      "name": "L-6",
      "x": -73.5932904,
      "y": 40.7947208,
      "uid": "LOC0000000000195751"
    },
    {
      "type": "Joint Pole",
      "name": "L-6X",
      "x": -73.5893075,
      "y": 40.7916977,
      "uid": "LOC0000000000056214"
    },
    {
      "type": "Joint Pole",
      "name": "L-7",
      "x": -73.5937482,
      "y": 40.7950434,
      "uid": "LOC0000000000195884"
    },
    {
      "type": "Joint Pole",
      "name": "L-7",
      "x": -73.5882346,
      "y": 40.7954631,
      "uid": "LOC0000000000056031"
    },
    {
      "type": "Joint Pole",
      "name": "L-7",
      "x": -73.5947357,
      "y": 40.7924281,
      "uid": "LOC0000000000056037"
    },
    {
      "type": "Joint Pole",
      "name": "L-7X",
      "x": -73.5890316,
      "y": 40.791218,
      "uid": "LOC0000000000056194"
    },
    {
      "type": "Joint Pole",
      "name": "L-8",
      "x": -73.5878182,
      "y": 40.7958329,
      "uid": "LOC0000000000056173"
    },
    {
      "type": "Joint Pole",
      "name": "L-8",
      "x": -73.5941641,
      "y": 40.7953302,
      "uid": "LOC0000000000195885"
    },
    {
      "type": "Joint Pole",
      "name": "L-8",
      "x": -73.5943213,
      "y": 40.7926932,
      "uid": "LOC0000000000056038"
    },
    {
      "type": "Joint Pole",
      "name": "L-8X",
      "x": -73.5887718,
      "y": 40.7907549,
      "uid": "LOC0000000000056209"
    },
    {
      "type": "Joint Pole",
      "name": "L-9",
      "x": -73.5938115,
      "y": 40.7927113,
      "uid": "LOC0000000000056036"
    },
    {
      "type": "Joint Pole",
      "name": "L-9",
      "x": -73.5872274,
      "y": 40.7964235,
      "uid": "LOC0000000000056202"
    },
    {
      "type": "Joint Pole",
      "name": "L-9A",
      "x": -73.5949863,
      "y": 40.7953683,
      "uid": "LOC0000000000056196"
    },
    {
      "type": "Joint Pole",
      "name": "L-9X",
      "x": -73.58856,
      "y": 40.7903119,
      "uid": "LOC0000000000056024"
    },
    {
      "type": "Joint Pole",
      "name": "NT",
      "x": -73.595382,
      "y": 40.7945879,
      "uid": "LOC0000000000056201"
    },
    {
      "type": "Joint Pole",
      "name": "NT",
      "x": -73.5945022,
      "y": 40.7999226,
      "uid": "LOC0000000000195898"
    },
    {
      "type": "Joint Pole",
      "name": "NT",
      "x": -73.5882536,
      "y": 40.7869568,
      "uid": "LOC0000000000049683"
    },
    {
      "type": "Joint Pole",
      "name": "NT",
      "x": -73.5935207,
      "y": 40.790876,
      "uid": "LOC0000000000056032"
    },
    {
      "type": "Joint Pole",
      "name": "PL65",
      "x": -73.5917543,
      "y": 40.7885786,
      "uid": "LOC0000000000194618"
    },
    {
      "type": "Joint Pole with Transformer",
      "name": "L-10XC",
      "x": -73.5901774,
      "y": 40.7893318,
      "uid": "LOC0000000000055689"
    },
    {
      "type": "Joint Pole with Transformer",
      "name": "L-11",
      "x": -73.5953603,
      "y": 40.7961811,
      "uid": "LOC0000000000195888"
    },
    {
      "type": "Joint Pole with Transformer",
      "name": "L-11.5",
      "x": -73.5941306,
      "y": 40.7935944,
      "uid": "LOC0000000000056211"
    },
    {
      "type": "Joint Pole with Transformer",
      "name": "L-13",
      "x": -73.5961087,
      "y": 40.7967096,
      "uid": "LOC0000000000195890"
    },
    {
      "type": "Joint Pole with Transformer",
      "name": "L-13X",
      "x": -73.5877485,
      "y": 40.7884656,
      "uid": "LOC0000000000050178"
    },
    {
      "type": "Joint Pole with Transformer",
      "name": "L-17",
      "x": -73.5961497,
      "y": 40.7983518,
      "uid": "LOC0000000000195894"
    },
    {
      "type": "Joint Pole with Transformer",
      "name": "L-3A",
      "x": -73.5934187,
      "y": 40.7933834,
      "uid": "LOC0000000000056033"
    },
    {
      "type": "Joint Pole with Transformer",
      "name": "L-48B",
      "x": -73.5940199,
      "y": 40.7902338,
      "uid": "LOC0000000000055861"
    },
    {
      "type": "Joint Pole with Transformer",
      "name": "L-50",
      "x": -73.5939727,
      "y": 40.7911896,
      "uid": "LOC0000000000195738"
    },
    {
      "type": "Joint Pole with Transformer",
      "name": "L-51",
      "x": -73.5936564,
      "y": 40.7915055,
      "uid": "LOC0000000000195739"
    },
    {
      "type": "Joint Pole with Transformer",
      "name": "L-54",
      "x": -73.5926891,
      "y": 40.7923472,
      "uid": "LOC0000000000195742"
    },
    {
      "type": "Joint Pole with Transformer",
      "name": "L-57",
      "x": -73.5918478,
      "y": 40.7930886,
      "uid": "LOC0000000000195745"
    },
    {
      "type": "Joint Pole with Transformer",
      "name": "L-5A",
      "x": -73.5895261,
      "y": 40.7952132,
      "uid": "LOC0000000000056014"
    },
    {
      "type": "Joint Pole with Transformer",
      "name": "L-5B",
      "x": -73.5900096,
      "y": 40.7954822,
      "uid": "LOC0000000000056029"
    },
    {
      "type": "Joint Pole with Transformer",
      "name": "L-9",
      "x": -73.5946339,
      "y": 40.7956613,
      "uid": "LOC0000000000195886"
    },
    {
      "type": "Lockbox",
      "name": "LB1717",
      "x": -73.5871775,
      "y": 40.791138,
      "uid": "LOC0000000000208880"
    },
    {
      "type": "Lockbox",
      "name": "LB1846",
      "x": -73.5907576,
      "y": 40.7898945,
      "uid": "LOC0000000000211380"
    },
    {
      "type": "Lockbox",
      "name": "LB1938",
      "x": -73.591902,
      "y": 40.7885302,
      "uid": "LOC0000000000212912"
    },
    {
      "type": "Lockbox",
      "name": "LB2582",
      "x": -73.5901641,
      "y": 40.8012962,
      "uid": "LOC0000000000212915"
    },
    {
      "type": "Lockbox",
      "name": "LB2605",
      "x": -73.5862478,
      "y": 40.7894298,
      "uid": "LOC0000000000213097"
    },
    {
      "type": "Lockbox",
      "name": "LB41",
      "x": -73.5889599,
      "y": 40.7850179,
      "uid": "LOC0000000000203359"
    },
    {
      "type": "Lockbox",
      "name": "LB596",
      "x": -73.5866671,
      "y": 40.7912759,
      "uid": "LOC0000000000204894"
    },
    {
      "type": "MDU",
      "name": "BH128894",
      "x": -73.5967125,
      "y": 40.7946603,
      "uid": "LOC0000000060178904"
    },
    {
      "type": "MDU",
      "name": "BH136809",
      "x": -73.5915426,
      "y": 40.7884464,
      "uid": "LOC0000000060178989"
    },
    {
      "type": "MDU",
      "name": "BH246410",
      "x": -73.5865936,
      "y": 40.7915519,
      "uid": "LOC0000000060184551"
    },
    {
      "type": "MDU",
      "name": "BH250684",
      "x": -73.5942555,
      "y": 40.7945394,
      "uid": "LOC0000000060178907"
    },
    {
      "type": "MDU",
      "name": "BH256012",
      "x": -73.592732,
      "y": 40.8026017,
      "uid": "LOC0000000060185651"
    },
    {
      "type": "Mid Span Junction",
      "name": "MS1361",
      "x": -73.5942662,
      "y": 40.8002881,
      "uid": "LOC0000000000316149"
    },
    {
      "type": "Mid Span Junction",
      "name": "MS267",
      "x": -73.5903612,
      "y": 40.7862199,
      "uid": "LOC0000000000314275"
    },
    {
      "type": "Mid Span Junction",
      "name": "MS268",
      "x": -73.5905262,
      "y": 40.7862689,
      "uid": "LOC0000000000314276"
    },
    {
      "type": "Mid Span Junction",
      "name": "MS269",
      "x": -73.5904247,
      "y": 40.7857307,
      "uid": "LOC0000000000314277"
    },
    {
      "type": "Mid Span Junction",
      "name": "MS270",
      "x": -73.5903959,
      "y": 40.7857934,
      "uid": "LOC0000000000314278"
    },
    {
      "type": "Mid Span Junction",
      "name": "MS271",
      "x": -73.590309,
      "y": 40.7859717,
      "uid": "LOC0000000000314279"
    },
    {
      "type": "Mid Span Junction",
      "name": "MS272",
      "x": -73.5902908,
      "y": 40.7860231,
      "uid": "LOC0000000000314280"
    },
    {
      "type": "Mid Span Junction",
      "name": "MS287",
      "x": -73.588406,
      "y": 40.7908191,
      "uid": "LOC0000000000313079"
    },
    {
      "type": "Mid Span Junction",
      "name": "MS288",
      "x": -73.5882908,
      "y": 40.7907984,
      "uid": "LOC0000000000313080"
    },
    {
      "type": "Mid Span Junction",
      "name": "MS41",
      "x": -73.5912926,
      "y": 40.7938952,
      "uid": "LOC0000000000312405"
    },
    {
      "type": "Pedestal",
      "name": "PD138",
      "x": -73.5915202,
      "y": 40.7865988,
      "uid": "LOC0000000000211433"
    },
    {
      "type": "Pedestal",
      "name": "PD215",
      "x": -73.5942403,
      "y": 40.7894145,
      "uid": "LOC0000000000215580"
    },
    {
      "type": "Pedestal",
      "name": "PD55",
      "x": -73.5869676,
      "y": 40.7906158,
      "uid": "LOC0000000000210032"
    },
    {
      "type": "Power Pole",
      "name": "L-10X",
      "x": -73.5883582,
      "y": 40.789863,
      "uid": "LOC0000000000056175"
    },
    {
      "type": "Power Pole",
      "name": "L-11A",
      "x": -73.5887553,
      "y": 40.7889794,
      "uid": "LOC0000000000056028"
    },
    {
      "type": "Power Pole",
      "name": "L-11X",
      "x": -73.5881788,
      "y": 40.7894778,
      "uid": "LOC0000000000056043"
    },
    {
      "type": "Power Pole",
      "name": "L-12X",
      "x": -73.5879108,
      "y": 40.7888601,
      "uid": "LOC0000000000049821"
    },
    {
      "type": "Power Pole with Transformer ",
      "name": "L-NT",
      "x": -73.5880463,
      "y": 40.7891909,
      "uid": "LOC0000000000056188"
    },
    {
      "type": "SDU",
      "name": "BH118918",
      "x": -73.5901692,
      "y": 40.7853866,
      "uid": "LOC0000000060179027"
    },
    {
      "type": "SDU",
      "name": "BH119512",
      "x": -73.5909625,
      "y": 40.7897943,
      "uid": "LOC0000000060178944"
    },
    {
      "type": "SDU",
      "name": "BH119954",
      "x": -73.5913644,
      "y": 40.7865292,
      "uid": "LOC0000000003324492"
    },
    {
      "type": "SDU",
      "name": "BH120949",
      "x": -73.5960979,
      "y": 40.7895812,
      "uid": "LOC0000000060178893"
    },
    {
      "type": "SDU",
      "name": "BH122056",
      "x": -73.5944752,
      "y": 40.7891481,
      "uid": "LOC0000000060186515"
    },
    {
      "type": "SDU",
      "name": "BH123102",
      "x": -73.5954118,
      "y": 40.7923324,
      "uid": "LOC0000000003338061"
    },
    {
      "type": "SDU",
      "name": "BH123106",
      "x": -73.5939034,
      "y": 40.7903569,
      "uid": "LOC0000000003338075"
    },
    {
      "type": "SDU",
      "name": "BH123355",
      "x": -73.5945425,
      "y": 40.7900505,
      "uid": "LOC0000000060186312"
    },
    {
      "type": "SDU",
      "name": "BH123828",
      "x": -73.5933457,
      "y": 40.7907501,
      "uid": "LOC0000000003342632"
    },
    {
      "type": "SDU",
      "name": "BH125445",
      "x": -73.5962632,
      "y": 40.7908854,
      "uid": "LOC0000000003350044"
    },
    {
      "type": "SDU",
      "name": "BH126487",
      "x": -73.5930319,
      "y": 40.7913055,
      "uid": "LOC0000000060178927"
    },
    {
      "type": "SDU",
      "name": "BH126829",
      "x": -73.5953935,
      "y": 40.7910823,
      "uid": "LOC0000000003355719"
    },
    {
      "type": "SDU",
      "name": "BH127073",
      "x": -73.591764,
      "y": 40.7924263,
      "uid": "LOC0000000060178936"
    },
    {
      "type": "SDU",
      "name": "BH127246",
      "x": -73.5947848,
      "y": 40.7920108,
      "uid": "LOC0000000060178920"
    },
    {
      "type": "SDU",
      "name": "BH127562",
      "x": -73.5953455,
      "y": 40.7916591,
      "uid": "LOC0000000060178894"
    },
    {
      "type": "SDU",
      "name": "BH127582",
      "x": -73.5921447,
      "y": 40.7920145,
      "uid": "LOC0000000060178933"
    },
    {
      "type": "SDU",
      "name": "BH127824",
      "x": -73.5925804,
      "y": 40.7916921,
      "uid": "LOC0000000060178929"
    },
    {
      "type": "SDU",
      "name": "BH127979",
      "x": -73.5888603,
      "y": 40.7862858,
      "uid": "LOC0000000060179021"
    },
    {
      "type": "SDU",
      "name": "BH128120",
      "x": -73.593362,
      "y": 40.792504,
      "uid": "LOC0000000060178918"
    },
    {
      "type": "SDU",
      "name": "BH128183",
      "x": -73.5884122,
      "y": 40.7872136,
      "uid": "LOC0000000003362473"
    },
    {
      "type": "SDU",
      "name": "BH129040",
      "x": -73.5877895,
      "y": 40.7853068,
      "uid": "LOC0000000060181432"
    },
    {
      "type": "SDU",
      "name": "BH129241",
      "x": -73.5886701,
      "y": 40.7884826,
      "uid": "LOC0000000060179015"
    },
    {
      "type": "SDU",
      "name": "BH129445",
      "x": -73.588562,
      "y": 40.7879281,
      "uid": "LOC0000000003368634"
    },
    {
      "type": "SDU",
      "name": "BH129682",
      "x": -73.5934388,
      "y": 40.7931491,
      "uid": "LOC0000000060178914"
    },
    {
      "type": "SDU",
      "name": "BH130060",
      "x": -73.5890812,
      "y": 40.7890556,
      "uid": "LOC0000000003372080"
    },
    {
      "type": "SDU",
      "name": "BH130569",
      "x": -73.5962142,
      "y": 40.7928929,
      "uid": "LOC0000000003374281"
    },
    {
      "type": "SDU",
      "name": "BH131814",
      "x": -73.5897072,
      "y": 40.7895368,
      "uid": "LOC0000000060178949"
    },
    {
      "type": "SDU",
      "name": "BH138089",
      "x": -73.5968766,
      "y": 40.7917506,
      "uid": "LOC0000000003407009"
    },
    {
      "type": "SDU",
      "name": "BH139797",
      "x": -73.5892205,
      "y": 40.7901154,
      "uid": "LOC0000000060178946"
    },
    {
      "type": "SDU",
      "name": "BH155587",
      "x": -73.58969,
      "y": 40.7859323,
      "uid": "LOC0000000003495598"
    },
    {
      "type": "SDU",
      "name": "BH164867",
      "x": -73.5912277,
      "y": 40.7847956,
      "uid": "LOC0000000060179075"
    },
    {
      "type": "SDU",
      "name": "BH170147",
      "x": -73.5897488,
      "y": 40.7866006,
      "uid": "LOC0000000060179017"
    },
    {
      "type": "SDU",
      "name": "BH170440",
      "x": -73.5945474,
      "y": 40.7936764,
      "uid": "LOC0000000003564443"
    },
    {
      "type": "SDU",
      "name": "BH176811",
      "x": -73.5914487,
      "y": 40.7853007,
      "uid": "LOC0000000060179030"
    },
    {
      "type": "SDU",
      "name": "BH185555",
      "x": -73.5913869,
      "y": 40.7860346,
      "uid": "LOC0000000003631510"
    },
    {
      "type": "SDU",
      "name": "BH190000",
      "x": -73.595085,
      "y": 40.793176,
      "uid": "LOC0000000060178902"
    },
    {
      "type": "SDU",
      "name": "BH190143",
      "x": -73.5897544,
      "y": 40.7874706,
      "uid": "LOC0000000003657047"
    },
    {
      "type": "SDU",
      "name": "BH234595",
      "x": -73.593404,
      "y": 40.7939636,
      "uid": "LOC0000000060178908"
    },
    {
      "type": "SDU",
      "name": "BH234774",
      "x": -73.5922645,
      "y": 40.7938711,
      "uid": "LOC0000000003323023"
    },
    {
      "type": "SDU",
      "name": "BH234829",
      "x": -73.5894198,
      "y": 40.7979038,
      "uid": "LOC0000000003323253"
    },
    {
      "type": "SDU",
      "name": "BH234832",
      "x": -73.5940525,
      "y": 40.7950256,
      "uid": "LOC0000000003323267"
    },
    {
      "type": "SDU",
      "name": "BH234869",
      "x": -73.5895382,
      "y": 40.7926585,
      "uid": "LOC0000000060179167"
    },
    {
      "type": "SDU",
      "name": "BH236401",
      "x": -73.5938083,
      "y": 40.799224,
      "uid": "LOC0000000060185733"
    },
    {
      "type": "SDU",
      "name": "BH238665",
      "x": -73.5922845,
      "y": 40.8001977,
      "uid": "LOC0000000060185715"
    },
    {
      "type": "SDU",
      "name": "BH238693",
      "x": -73.5926049,
      "y": 40.7990737,
      "uid": "LOC0000000060185731"
    },
    {
      "type": "SDU",
      "name": "BH238726",
      "x": -73.589324,
      "y": 40.7960311,
      "uid": "LOC0000000060179144"
    },
    {
      "type": "SDU",
      "name": "BH239884",
      "x": -73.5913005,
      "y": 40.8018433,
      "uid": "LOC0000000060185656"
    },
    {
      "type": "SDU",
      "name": "BH241750",
      "x": -73.591307,
      "y": 40.7927314,
      "uid": "LOC0000000060178938"
    },
    {
      "type": "SDU",
      "name": "BH241933",
      "x": -73.592532,
      "y": 40.793464,
      "uid": "LOC0000000003367751"
    },
    {
      "type": "SDU",
      "name": "BH242704",
      "x": -73.5901589,
      "y": 40.8011252,
      "uid": "LOC0000000060185659"
    },
    {
      "type": "SDU",
      "name": "BH242775",
      "x": -73.5888178,
      "y": 40.7941501,
      "uid": "LOC0000000003374428"
    },
    {
      "type": "SDU",
      "name": "BH244287",
      "x": -73.5889738,
      "y": 40.7964754,
      "uid": "LOC0000000060179147"
    },
    {
      "type": "SDU",
      "name": "BH245411",
      "x": -73.5881799,
      "y": 40.7945615,
      "uid": "LOC0000000060179132"
    },
    {
      "type": "SDU",
      "name": "BH246965",
      "x": -73.5885886,
      "y": 40.7968294,
      "uid": "LOC0000000060179150"
    },
    {
      "type": "SDU",
      "name": "BH247112",
      "x": -73.5877073,
      "y": 40.7949853,
      "uid": "LOC0000000060179161"
    },
    {
      "type": "SDU",
      "name": "BH248503",
      "x": -73.5882224,
      "y": 40.7972758,
      "uid": "LOC0000000060179153"
    },
    {
      "type": "SDU",
      "name": "BH248810",
      "x": -73.5874661,
      "y": 40.7979557,
      "uid": "LOC0000000060179155"
    },
    {
      "type": "SDU",
      "name": "BH249040",
      "x": -73.5906482,
      "y": 40.7968135,
      "uid": "LOC0000000003422506"
    },
    {
      "type": "SDU",
      "name": "BH249138",
      "x": -73.5900143,
      "y": 40.7931628,
      "uid": "LOC0000000003422844"
    },
    {
      "type": "SDU",
      "name": "BH251934",
      "x": -73.5953647,
      "y": 40.7952384,
      "uid": "LOC0000000003443202"
    },
    {
      "type": "SDU",
      "name": "BH251941",
      "x": -73.5960616,
      "y": 40.7956386,
      "uid": "LOC0000000003443272"
    },
    {
      "type": "SDU",
      "name": "BH251979",
      "x": -73.5873539,
      "y": 40.7956665,
      "uid": "LOC0000000003443605"
    },
    {
      "type": "SDU",
      "name": "BH252982",
      "x": -73.5966202,
      "y": 40.7960342,
      "uid": "LOC0000000060185939"
    },
    {
      "type": "SDU",
      "name": "BH252997",
      "x": -73.5971149,
      "y": 40.7966842,
      "uid": "LOC0000000060185938"
    },
    {
      "type": "SDU",
      "name": "BH254915",
      "x": -73.5938805,
      "y": 40.8013227,
      "uid": "LOC0000000060185662"
    },
    {
      "type": "SDU",
      "name": "BH255062",
      "x": -73.5937841,
      "y": 40.8006764,
      "uid": "LOC0000000060185711"
    },
    {
      "type": "SDU",
      "name": "BH255133",
      "x": -73.5977794,
      "y": 40.7976998,
      "uid": "LOC0000000060185934"
    },
    {
      "type": "SDU",
      "name": "BH255338",
      "x": -73.5867924,
      "y": 40.7960677,
      "uid": "LOC0000000003476796"
    },
    {
      "type": "SDU",
      "name": "BH255410",
      "x": -73.593633,
      "y": 40.8022485,
      "uid": "LOC0000000060185654"
    },
    {
      "type": "SDU",
      "name": "BH255824",
      "x": -73.5938228,
      "y": 40.8018377,
      "uid": "LOC0000000060185664"
    },
    {
      "type": "SDU",
      "name": "BH257571",
      "x": -73.5889664,
      "y": 40.7988869,
      "uid": "LOC0000000003494448"
    },
    {
      "type": "SDU",
      "name": "BH257573",
      "x": -73.5929431,
      "y": 40.7953733,
      "uid": "LOC0000000003494460"
    },
    {
      "type": "SDU",
      "name": "BH262828",
      "x": -73.586859,
      "y": 40.7973987,
      "uid": "LOC0000000060179157"
    },
    {
      "type": "SDU",
      "name": "BH263198",
      "x": -73.5910077,
      "y": 40.7976674,
      "uid": "LOC0000000003541285"
    },
    {
      "type": "SDU",
      "name": "BH263200",
      "x": -73.5950666,
      "y": 40.7969367,
      "uid": "LOC0000000003541294"
    },
    {
      "type": "SDU",
      "name": "BH267536",
      "x": -73.5907004,
      "y": 40.7949104,
      "uid": "LOC0000000060179135"
    },
    {
      "type": "SDU",
      "name": "BH267657",
      "x": -73.5899187,
      "y": 40.7996655,
      "uid": "LOC0000000003571997"
    },
    {
      "type": "SDU",
      "name": "BH267689",
      "x": -73.5926555,
      "y": 40.79649,
      "uid": "LOC0000000003572130"
    },
    {
      "type": "SDU",
      "name": "BH269892",
      "x": -73.5910551,
      "y": 40.7986988,
      "uid": "LOC0000000003588400"
    },
    {
      "type": "SDU",
      "name": "BH269893",
      "x": -73.5951679,
      "y": 40.7977447,
      "uid": "LOC0000000060185740"
    },
    {
      "type": "SDU",
      "name": "BH270138",
      "x": -73.5862502,
      "y": 40.7966839,
      "uid": "LOC0000000003589263"
    },
    {
      "type": "SDU",
      "name": "BH270165",
      "x": -73.5893442,
      "y": 40.7936515,
      "uid": "LOC0000000003589375"
    },
    {
      "type": "SDU",
      "name": "BH272863",
      "x": -73.5902748,
      "y": 40.795355,
      "uid": "LOC0000000060179138"
    },
    {
      "type": "SDU",
      "name": "BH274011",
      "x": -73.5934896,
      "y": 40.7975725,
      "uid": "LOC0000000003616926"
    },
    {
      "type": "SDU",
      "name": "BH275289",
      "x": -73.5946352,
      "y": 40.7984727,
      "uid": "LOC0000000060185742"
    },
    {
      "type": "SDU",
      "name": "BH279396",
      "x": -73.5897173,
      "y": 40.79566,
      "uid": "LOC0000000060179142"
    },
    {
      "type": "SDU",
      "name": "BH279680",
      "x": -73.5910454,
      "y": 40.8002018,
      "uid": "LOC0000000060185730"
    },
    {
      "type": "Vault",
      "name": "VT1282",
      "x": -73.5905227,
      "y": 40.7856501,
      "uid": "LOC0000000000220707"
    },
    {
      "type": "Vault",
      "name": "VT1326",
      "x": -73.5903255,
      "y": 40.7871195,
      "uid": "LOC0000000000220888"
    },
    {
      "type": "Vault",
      "name": "VT1329",
      "x": -73.5893032,
      "y": 40.785103,
      "uid": "LOC0000000000220891"
    },
    {
      "type": "Vault",
      "name": "VT1330",
      "x": -73.590298,
      "y": 40.7861971,
      "uid": "LOC0000000000220892"
    },
    {
      "type": "Vault",
      "name": "VT1490",
      "x": -73.5933744,
      "y": 40.7958002,
      "uid": "LOC0000000000220091"
    },
    {
      "type": "Vault",
      "name": "VT1491",
      "x": -73.5934991,
      "y": 40.7965528,
      "uid": "LOC0000000000220092"
    },
    {
      "type": "Vault",
      "name": "VT1492",
      "x": -73.5944824,
      "y": 40.7972367,
      "uid": "LOC0000000000220093"
    },
    {
      "type": "Vault",
      "name": "VT1493",
      "x": -73.5944791,
      "y": 40.797645,
      "uid": "LOC0000000000220094"
    },
    {
      "type": "Vault",
      "name": "VT1494",
      "x": -73.5938758,
      "y": 40.7981416,
      "uid": "LOC0000000000220095"
    },
    {
      "type": "Vault",
      "name": "VT1495",
      "x": -73.5932508,
      "y": 40.7986079,
      "uid": "LOC0000000000220096"
    },
    {
      "type": "Vault",
      "name": "VT1496",
      "x": -73.5933283,
      "y": 40.7989486,
      "uid": "LOC0000000000220101"
    },
    {
      "type": "Vault",
      "name": "VT1497",
      "x": -73.5931111,
      "y": 40.7992637,
      "uid": "LOC0000000000220102"
    },
    {
      "type": "Vault",
      "name": "VT1498",
      "x": -73.5924877,
      "y": 40.8012234,
      "uid": "LOC0000000000220103"
    },
    {
      "type": "Vault",
      "name": "VT1499",
      "x": -73.5923222,
      "y": 40.8000143,
      "uid": "LOC0000000000220104"
    },
    {
      "type": "Vault",
      "name": "VT1500",
      "x": -73.5932812,
      "y": 40.8000391,
      "uid": "LOC0000000000220105"
    },
    {
      "type": "Vault",
      "name": "VT1501",
      "x": -73.5911958,
      "y": 40.7995982,
      "uid": "LOC0000000000220106"
    },
    {
      "type": "Vault",
      "name": "VT1502",
      "x": -73.5902511,
      "y": 40.7991884,
      "uid": "LOC0000000000220266"
    },
    {
      "type": "Vault",
      "name": "VT1503",
      "x": -73.5901151,
      "y": 40.7983889,
      "uid": "LOC0000000000220267"
    },
    {
      "type": "Vault",
      "name": "VT1504",
      "x": -73.5900738,
      "y": 40.7973943,
      "uid": "LOC0000000000220268"
    },
    {
      "type": "Vault",
      "name": "VT1612",
      "x": -73.5893519,
      "y": 40.7910569,
      "uid": "LOC0000000000223855"
    },
    {
      "type": "Vault",
      "name": "VT1613",
      "x": -73.5903886,
      "y": 40.7999736,
      "uid": "LOC0000000000223861"
    },
    {
      "type": "Vault",
      "name": "VT1614",
      "x": -73.5939342,
      "y": 40.8024262,
      "uid": "LOC0000000000223862"
    },
    {
      "type": "Vault",
      "name": "VT1616",
      "x": -73.5915464,
      "y": 40.8021843,
      "uid": "LOC0000000000223864"
    },
    {
      "type": "Vault",
      "name": "VT1617",
      "x": -73.5905543,
      "y": 40.8012776,
      "uid": "LOC0000000000223865"
    },
    {
      "type": "Vault",
      "name": "VT1671",
      "x": -73.5900106,
      "y": 40.7910316,
      "uid": "LOC0000000000223856"
    },
    {
      "type": "Vault",
      "name": "VT1672",
      "x": -73.5901145,
      "y": 40.7907806,
      "uid": "LOC0000000000223857"
    },
    {
      "type": "Vault",
      "name": "VT1673",
      "x": -73.5917635,
      "y": 40.7901297,
      "uid": "LOC0000000000223858"
    },
    {
      "type": "Vault",
      "name": "VT1674",
      "x": -73.5913142,
      "y": 40.789514,
      "uid": "LOC0000000000223859"
    },
    {
      "type": "Vault",
      "name": "VT1675",
      "x": -73.591952,
      "y": 40.7888389,
      "uid": "LOC0000000000223860"
    },
    {
      "type": "Vault",
      "name": "VT2352",
      "x": -73.593777,
      "y": 40.8032961,
      "uid": "LOC0000000000227180"
    },
    {
      "type": "Vault",
      "name": "VT2353",
      "x": -73.5943168,
      "y": 40.8025232,
      "uid": "LOC0000000000227181"
    },
    {
      "type": "Vault",
      "name": "VT2354",
      "x": -73.5947545,
      "y": 40.8017371,
      "uid": "LOC0000000000227182"
    },
    {
      "type": "Vault",
      "name": "VT2355",
      "x": -73.5942885,
      "y": 40.800601,
      "uid": "LOC0000000000227183"
    },
    {
      "type": "Vault",
      "name": "VT2356",
      "x": -73.5930607,
      "y": 40.8027991,
      "uid": "LOC0000000000227184"
    },
    {
      "type": "Vault",
      "name": "VT2357",
      "x": -73.5938885,
      "y": 40.8015544,
      "uid": "LOC0000000000227193"
    }
  ],
  "routes": [
    {
      "type": "Burried",
      "name": "L-1 >> L-5",
      "locationA": "LOC0000000000055693",
      "locationZ": "LOC0000000000195750",
      "uid": "ROT0000000007480966"
    },
    {
      "type": "Burried",
      "name": "L-16X >> L-16X",
      "locationA": "LOC0000000000050002",
      "locationZ": "LOC0000000000001391",
      "uid": "ROT0000000007359516"
    },
    {
      "type": "Burried",
      "name": "L-2 >> BA36",
      "locationA": "LOC0000000000195747",
      "locationZ": "LOC0000000000000800",
      "uid": "ROT0000000007515515"
    },
    {
      "type": "Burried",
      "name": "L-2 >> MS41",
      "locationA": "LOC0000000000195747",
      "locationZ": "LOC0000000000312405",
      "uid": "ROT0000000007515596"
    },
    {
      "type": "Burried",
      "name": "L-46 >> PD215",
      "locationA": "LOC0000000000195734",
      "locationZ": "LOC0000000000215580",
      "uid": "ROT0000000007338712"
    },
    {
      "type": "Burried",
      "name": "L-7 >> VT1490",
      "locationA": "LOC0000000000195884",
      "locationZ": "LOC0000000000220091",
      "uid": "ROT0000000007296367"
    },
    {
      "type": "Burried",
      "name": "L-8X >> MS287",
      "locationA": "LOC0000000000056209",
      "locationZ": "LOC0000000000313079",
      "uid": "ROT0000000007306442"
    },
    {
      "type": "Burried",
      "name": "LB2582 >> VT1617",
      "locationA": "LOC0000000000212915",
      "locationZ": "LOC0000000000223865",
      "uid": "ROT0000000007397060"
    },
    {
      "type": "Burried",
      "name": "MS268 >> PD138",
      "locationA": "LOC0000000000314276",
      "locationZ": "LOC0000000000211433",
      "uid": "ROT0000000007345037"
    },
    {
      "type": "Burried",
      "name": "MS270 >> MS271",
      "locationA": "LOC0000000000314278",
      "locationZ": "LOC0000000000314279",
      "uid": "ROT0000000007356395"
    },
    {
      "type": "Burried",
      "name": "MS272 >> VT1330",
      "locationA": "LOC0000000000314280",
      "locationZ": "LOC0000000000220892",
      "uid": "ROT0000000007426495"
    },
    {
      "type": "Burried",
      "name": "MS287 >> MS288",
      "locationA": "LOC0000000000313079",
      "locationZ": "LOC0000000000313080",
      "uid": "ROT0000000007476076"
    },
    {
      "type": "Burried",
      "name": "MS288 >> PD55",
      "locationA": "LOC0000000000313080",
      "locationZ": "LOC0000000000210032",
      "uid": "ROT0000000007398454"
    },
    {
      "type": "Burried",
      "name": "NT >> MS1361",
      "locationA": "LOC0000000000195898",
      "locationZ": "LOC0000000000316149",
      "uid": "ROT0000000007319389"
    },
    {
      "type": "Burried",
      "name": "PD55 >> BA162",
      "locationA": "LOC0000000000210032",
      "locationZ": "LOC0000000000001393",
      "uid": "ROT0000000007311799"
    },
    {
      "type": "Burried",
      "name": "PD55 >> LB2605",
      "locationA": "LOC0000000000210032",
      "locationZ": "LOC0000000000213097",
      "uid": "ROT0000000007311800"
    },
    {
      "type": "Burried",
      "name": "VT1282 >> MS269",
      "locationA": "LOC0000000000220707",
      "locationZ": "LOC0000000000314277",
      "uid": "ROT0000000007420486"
    },
    {
      "type": "Burried",
      "name": "VT1329 >> L-18A",
      "locationA": "LOC0000000000220891",
      "locationZ": "LOC0000000000050020",
      "uid": "ROT0000000007402015"
    },
    {
      "type": "Burried",
      "name": "VT1329 >> LB41",
      "locationA": "LOC0000000000220891",
      "locationZ": "LOC0000000000203359",
      "uid": "ROT0000000007402017"
    },
    {
      "type": "Burried",
      "name": "VT1329 >> VT1282",
      "locationA": "LOC0000000000220891",
      "locationZ": "LOC0000000000220707",
      "uid": "ROT0000000007402016"
    },
    {
      "type": "Burried",
      "name": "VT1330 >> MS267",
      "locationA": "LOC0000000000220892",
      "locationZ": "LOC0000000000314275",
      "uid": "ROT0000000007330689"
    },
    {
      "type": "Burried",
      "name": "VT1330 >> VT1282",
      "locationA": "LOC0000000000220892",
      "locationZ": "LOC0000000000220707",
      "uid": "ROT0000000007330688"
    },
    {
      "type": "Burried",
      "name": "VT1330 >> VT1326",
      "locationA": "LOC0000000000220892",
      "locationZ": "LOC0000000000220888",
      "uid": "ROT0000000007330687"
    },
    {
      "type": "Burried",
      "name": "VT1490 >> VT1491",
      "locationA": "LOC0000000000220091",
      "locationZ": "LOC0000000000220092",
      "uid": "ROT0000000007358554"
    },
    {
      "type": "Burried",
      "name": "VT1491 >> VT1492",
      "locationA": "LOC0000000000220092",
      "locationZ": "LOC0000000000220093",
      "uid": "ROT0000000007381903"
    },
    {
      "type": "Burried",
      "name": "VT1492 >> VT1493",
      "locationA": "LOC0000000000220093",
      "locationZ": "LOC0000000000220094",
      "uid": "ROT0000000007321537"
    },
    {
      "type": "Burried",
      "name": "VT1493 >> VT1494",
      "locationA": "LOC0000000000220094",
      "locationZ": "LOC0000000000220095",
      "uid": "ROT0000000007422689"
    },
    {
      "type": "Burried",
      "name": "VT1494 >> VT1495",
      "locationA": "LOC0000000000220095",
      "locationZ": "LOC0000000000220096",
      "uid": "ROT0000000007314396"
    },
    {
      "type": "Burried",
      "name": "VT1495 >> VT1496",
      "locationA": "LOC0000000000220096",
      "locationZ": "LOC0000000000220101",
      "uid": "ROT0000000007508303"
    },
    {
      "type": "Burried",
      "name": "VT1495 >> VT1500",
      "locationA": "LOC0000000000220096",
      "locationZ": "LOC0000000000220105",
      "uid": "ROT0000000007508302"
    },
    {
      "type": "Burried",
      "name": "VT1496 >> VT1497",
      "locationA": "LOC0000000000220101",
      "locationZ": "LOC0000000000220102",
      "uid": "ROT0000000007414670"
    },
    {
      "type": "Burried",
      "name": "VT1497 >> VT1498",
      "locationA": "LOC0000000000220102",
      "locationZ": "LOC0000000000220103",
      "uid": "ROT0000000007404218"
    },
    {
      "type": "Burried",
      "name": "VT1498 >> VT1616",
      "locationA": "LOC0000000000220103",
      "locationZ": "LOC0000000000223864",
      "uid": "ROT0000000007373714"
    },
    {
      "type": "Burried",
      "name": "VT1499 >> VT1501",
      "locationA": "LOC0000000000220104",
      "locationZ": "LOC0000000000220106",
      "uid": "ROT0000000007316526"
    },
    {
      "type": "Burried",
      "name": "VT1500 >> VT1499",
      "locationA": "LOC0000000000220105",
      "locationZ": "LOC0000000000220104",
      "uid": "ROT0000000007309667"
    },
    {
      "type": "Burried",
      "name": "VT1501 >> VT1613",
      "locationA": "LOC0000000000220106",
      "locationZ": "LOC0000000000223861",
      "uid": "ROT0000000007498163"
    },
    {
      "type": "Burried",
      "name": "VT1502 >> VT1501",
      "locationA": "LOC0000000000220266",
      "locationZ": "LOC0000000000220106",
      "uid": "ROT0000000007462306"
    },
    {
      "type": "Burried",
      "name": "VT1502 >> VT1503",
      "locationA": "LOC0000000000220266",
      "locationZ": "LOC0000000000220267",
      "uid": "ROT0000000007462305"
    },
    {
      "type": "Burried",
      "name": "VT1504 >> VT1503",
      "locationA": "LOC0000000000220268",
      "locationZ": "LOC0000000000220267",
      "uid": "ROT0000000007360808"
    },
    {
      "type": "Burried",
      "name": "VT1612 >> L-7X",
      "locationA": "LOC0000000000223855",
      "locationZ": "LOC0000000000194800",
      "uid": "ROT0000000007521910"
    },
    {
      "type": "Burried",
      "name": "VT1612 >> L-8X",
      "locationA": "LOC0000000000223855",
      "locationZ": "LOC0000000000056209",
      "uid": "ROT0000000007521909"
    },
    {
      "type": "Burried",
      "name": "VT1614 >> VT2353",
      "locationA": "LOC0000000000223862",
      "locationZ": "LOC0000000000227181",
      "uid": "ROT0000000007513063"
    },
    {
      "type": "Burried",
      "name": "VT1617 >> VT1498",
      "locationA": "LOC0000000000223865",
      "locationZ": "LOC0000000000220103",
      "uid": "ROT0000000007299333"
    },
    {
      "type": "Burried",
      "name": "VT1671 >> VT1612",
      "locationA": "LOC0000000000223856",
      "locationZ": "LOC0000000000223855",
      "uid": "ROT0000000007415877"
    },
    {
      "type": "Burried",
      "name": "VT1672 >> VT1671",
      "locationA": "LOC0000000000223857",
      "locationZ": "LOC0000000000223856",
      "uid": "ROT0000000007328049"
    },
    {
      "type": "Burried",
      "name": "VT1673 >> VT1672",
      "locationA": "LOC0000000000223858",
      "locationZ": "LOC0000000000223857",
      "uid": "ROT0000000007515141"
    },
    {
      "type": "Burried",
      "name": "VT1673 >> VT1674",
      "locationA": "LOC0000000000223858",
      "locationZ": "LOC0000000000223859",
      "uid": "ROT0000000007515142"
    },
    {
      "type": "Burried",
      "name": "VT1675 >> PL65",
      "locationA": "LOC0000000000223860",
      "locationZ": "LOC0000000000194618",
      "uid": "ROT0000000007317927"
    },
    {
      "type": "Burried",
      "name": "VT1675 >> VT1674",
      "locationA": "LOC0000000000223860",
      "locationZ": "LOC0000000000223859",
      "uid": "ROT0000000007317926"
    },
    {
      "type": "Burried",
      "name": "VT2351 >> VT2352",
      "locationA": "LOC0000000000227179",
      "locationZ": "LOC0000000000227180",
      "uid": "ROT0000000007371948"
    },
    {
      "type": "Burried",
      "name": "VT2352 >> VT2353",
      "locationA": "LOC0000000000227180",
      "locationZ": "LOC0000000000227181",
      "uid": "ROT0000000007377401"
    },
    {
      "type": "Burried",
      "name": "VT2352 >> VT2356",
      "locationA": "LOC0000000000227180",
      "locationZ": "LOC0000000000227184",
      "uid": "ROT0000000007377402"
    },
    {
      "type": "Burried",
      "name": "VT2353 >> VT2354",
      "locationA": "LOC0000000000227181",
      "locationZ": "LOC0000000000227182",
      "uid": "ROT0000000007365958"
    },
    {
      "type": "Burried",
      "name": "VT2354 >> VT2355",
      "locationA": "LOC0000000000227182",
      "locationZ": "LOC0000000000227183",
      "uid": "ROT0000000007420713"
    },
    {
      "type": "Burried",
      "name": "VT2355 >> MS1361",
      "locationA": "LOC0000000000227183",
      "locationZ": "LOC0000000000316149",
      "uid": "ROT0000000007486226"
    },
    {
      "type": "Burried",
      "name": "VT2357 >> VT2354",
      "locationA": "LOC0000000000227193",
      "locationZ": "LOC0000000000227182",
      "uid": "ROT0000000007368948"
    },
    {
      "type": "Conduct",
      "name": "BA35 >> MS41",
      "locationA": "LOC0000000000000799",
      "locationZ": "LOC0000000000312405",
      "uid": "ROT0000000007515597"
    },
    {
      "type": "Conduct",
      "name": "MS268 >> MS267",
      "locationA": "LOC0000000000314276",
      "locationZ": "LOC0000000000314275",
      "uid": "ROT0000000007345036"
    },
    {
      "type": "Conduct",
      "name": "MS269 >> MS270",
      "locationA": "LOC0000000000314277",
      "locationZ": "LOC0000000000314278",
      "uid": "ROT0000000007360337"
    },
    {
      "type": "Conduct",
      "name": "MS271 >> MS272",
      "locationA": "LOC0000000000314279",
      "locationZ": "LOC0000000000314280",
      "uid": "ROT0000000007463317"
    },
    {
      "type": "No Support",
      "name": "BA163 >> LB1717",
      "locationA": "LOC0000000000001394",
      "locationZ": "LOC0000000000208880",
      "uid": "ROT0000000007374067"
    },
    {
      "type": "No Support",
      "name": "BA163 >> LB596",
      "locationA": "LOC0000000000001394",
      "locationZ": "LOC0000000000204894",
      "uid": "ROT0000000007374068"
    },
    {
      "type": "No Support",
      "name": "L-27 >> NT",
      "locationA": "LOC0000000000055833",
      "locationZ": "LOC0000000000056201",
      "uid": "ROT0000000007464866"
    },
    {
      "type": "No Support",
      "name": "L-2XS >> L-2X",
      "locationA": "LOC0000000000056013",
      "locationZ": "LOC0000000000056008",
      "uid": "ROT0000000007358273"
    },
    {
      "type": "No Support",
      "name": "LB1938 >> PL65",
      "locationA": "LOC0000000000212912",
      "locationZ": "LOC0000000000194618",
      "uid": "ROT0000000007478844"
    },
    {
      "type": "Supported",
      "name": "BA162 >> BA163",
      "locationA": "LOC0000000000001393",
      "locationZ": "LOC0000000000001394",
      "uid": "ROT0000000007333239"
    },
    {
      "type": "Supported",
      "name": "L-1 >> L-2",
      "locationA": "LOC0000000000055693",
      "locationZ": "LOC0000000000056205",
      "uid": "ROT0000000007480967"
    },
    {
      "type": "Supported",
      "name": "L-1 >> L-2",
      "locationA": "LOC0000000000056016",
      "locationZ": "LOC0000000000056012",
      "uid": "ROT0000000007353777"
    },
    {
      "type": "Supported",
      "name": "L-1 >> L-46",
      "locationA": "LOC0000000000056020",
      "locationZ": "LOC0000000000195734",
      "uid": "ROT0000000007425746"
    },
    {
      "type": "Supported",
      "name": "L-10 >> L-11",
      "locationA": "LOC0000000000056206",
      "locationZ": "LOC0000000000055692",
      "uid": "ROT0000000007386067"
    },
    {
      "type": "Supported",
      "name": "L-10 >> L-9",
      "locationA": "LOC0000000000195887",
      "locationZ": "LOC0000000000195886",
      "uid": "ROT0000000007377408"
    },
    {
      "type": "Supported",
      "name": "L-10X >> L-10XA",
      "locationA": "LOC0000000000056175",
      "locationZ": "LOC0000000000056215",
      "uid": "ROT0000000007409545"
    },
    {
      "type": "Supported",
      "name": "L-10X >> L-11X",
      "locationA": "LOC0000000000056175",
      "locationZ": "LOC0000000000056043",
      "uid": "ROT0000000007409546"
    },
    {
      "type": "Supported",
      "name": "L-10XA >> L-10XB",
      "locationA": "LOC0000000000056215",
      "locationZ": "LOC0000000000056189",
      "uid": "ROT0000000007315328"
    },
    {
      "type": "Supported",
      "name": "L-10XB >> L-10XC",
      "locationA": "LOC0000000000056189",
      "locationZ": "LOC0000000000055689",
      "uid": "ROT0000000007441089"
    },
    {
      "type": "Supported",
      "name": "L-11 >> L-10",
      "locationA": "LOC0000000000195888",
      "locationZ": "LOC0000000000195887",
      "uid": "ROT0000000007523470"
    },
    {
      "type": "Supported",
      "name": "L-11.5 >> L-11",
      "locationA": "LOC0000000000056211",
      "locationZ": "LOC0000000000055692",
      "uid": "ROT0000000007394300"
    },
    {
      "type": "Supported",
      "name": "L-11A >> L-11",
      "locationA": "LOC0000000000056178",
      "locationZ": "LOC0000000000195888",
      "uid": "ROT0000000007505356"
    },
    {
      "type": "Supported",
      "name": "L-11A >> L-11B",
      "locationA": "LOC0000000000056178",
      "locationZ": "LOC0000000000056210",
      "uid": "ROT0000000007505355"
    },
    {
      "type": "Supported",
      "name": "L-11A >> L-NT",
      "locationA": "LOC0000000000056028",
      "locationZ": "LOC0000000000056188",
      "uid": "ROT0000000007423094"
    },
    {
      "type": "Supported",
      "name": "L-11B >> L-11A",
      "locationA": "LOC0000000000049994",
      "locationZ": "LOC0000000000056028",
      "uid": "ROT0000000007433307"
    },
    {
      "type": "Supported",
      "name": "L-11X >> L-NT",
      "locationA": "LOC0000000000056043",
      "locationZ": "LOC0000000000056188",
      "uid": "ROT0000000007530469"
    },
    {
      "type": "Supported",
      "name": "L-12 >> L-11",
      "locationA": "LOC0000000000195889",
      "locationZ": "LOC0000000000195888",
      "uid": "ROT0000000007533515"
    },
    {
      "type": "Supported",
      "name": "L-12X >> L-13X",
      "locationA": "LOC0000000000049821",
      "locationZ": "LOC0000000000050178",
      "uid": "ROT0000000007462184"
    },
    {
      "type": "Supported",
      "name": "L-12X >> L-NT",
      "locationA": "LOC0000000000049821",
      "locationZ": "LOC0000000000056188",
      "uid": "ROT0000000007462183"
    },
    {
      "type": "Supported",
      "name": "L-13 >> L-12",
      "locationA": "LOC0000000000195890",
      "locationZ": "LOC0000000000195889",
      "uid": "ROT0000000007362733"
    },
    {
      "type": "Supported",
      "name": "L-13 >> L-14",
      "locationA": "LOC0000000000195890",
      "locationZ": "LOC0000000000195891",
      "uid": "ROT0000000007362732"
    },
    {
      "type": "Supported",
      "name": "L-13A >> L-13",
      "locationA": "LOC0000000000056186",
      "locationZ": "LOC0000000000195890",
      "uid": "ROT0000000007470777"
    },
    {
      "type": "Supported",
      "name": "L-13X >> L-14X",
      "locationA": "LOC0000000000050178",
      "locationZ": "LOC0000000000050180",
      "uid": "ROT0000000007387120"
    },
    {
      "type": "Supported",
      "name": "L-14X >> L-15X",
      "locationA": "LOC0000000000050180",
      "locationZ": "LOC0000000000049841",
      "uid": "ROT0000000007316237"
    },
    {
      "type": "Supported",
      "name": "L-15 >> L-14",
      "locationA": "LOC0000000000195892",
      "locationZ": "LOC0000000000195891",
      "uid": "ROT0000000007372612"
    },
    {
      "type": "Supported",
      "name": "L-15 >> L-16",
      "locationA": "LOC0000000000195892",
      "locationZ": "LOC0000000000195893",
      "uid": "ROT0000000007372613"
    },
    {
      "type": "Supported",
      "name": "L-15 >> L-3",
      "locationA": "LOC0000000000056184",
      "locationZ": "LOC0000000000056007",
      "uid": "ROT0000000007432916"
    },
    {
      "type": "Supported",
      "name": "L-15X >> L-16X",
      "locationA": "LOC0000000000049841",
      "locationZ": "LOC0000000000050002",
      "uid": "ROT0000000007330282"
    },
    {
      "type": "Supported",
      "name": "L-16 >> L-15",
      "locationA": "LOC0000000000055864",
      "locationZ": "LOC0000000000056184",
      "uid": "ROT0000000007354289"
    },
    {
      "type": "Supported",
      "name": "L-16 >> L-17",
      "locationA": "LOC0000000000195893",
      "locationZ": "LOC0000000000195894",
      "uid": "ROT0000000007519770"
    },
    {
      "type": "Supported",
      "name": "L-16X >> L-17X",
      "locationA": "LOC0000000000050002",
      "locationZ": "LOC0000000000054693",
      "uid": "ROT0000000007359517"
    },
    {
      "type": "Supported",
      "name": "L-17 >> L-16",
      "locationA": "LOC0000000000055860",
      "locationZ": "LOC0000000000055864",
      "uid": "ROT0000000007392780"
    },
    {
      "type": "Supported",
      "name": "L-17 >> L-18",
      "locationA": "LOC0000000000195894",
      "locationZ": "LOC0000000000195895",
      "uid": "ROT0000000007328194"
    },
    {
      "type": "Supported",
      "name": "L-17X >> L-18X",
      "locationA": "LOC0000000000054693",
      "locationZ": "LOC0000000000049677",
      "uid": "ROT0000000007437001"
    },
    {
      "type": "Supported",
      "name": "L-18 >> L-17",
      "locationA": "LOC0000000000055691",
      "locationZ": "LOC0000000000055860",
      "uid": "ROT0000000007295316"
    },
    {
      "type": "Supported",
      "name": "L-18 >> L-19",
      "locationA": "LOC0000000000195895",
      "locationZ": "LOC0000000000195896",
      "uid": "ROT0000000007534803"
    },
    {
      "type": "Supported",
      "name": "L-18X >> L-18A",
      "locationA": "LOC0000000000049677",
      "locationZ": "LOC0000000000050020",
      "uid": "ROT0000000007485920"
    },
    {
      "type": "Supported",
      "name": "L-19 >> L-18",
      "locationA": "LOC0000000000056192",
      "locationZ": "LOC0000000000055691",
      "uid": "ROT0000000007359662"
    },
    {
      "type": "Supported",
      "name": "L-19 >> L-20",
      "locationA": "LOC0000000000195896",
      "locationZ": "LOC0000000000195897",
      "uid": "ROT0000000007344079"
    },
    {
      "type": "Supported",
      "name": "L-1X >> L-1",
      "locationA": "LOC0000000000056203",
      "locationZ": "LOC0000000000195746",
      "uid": "ROT0000000007496671"
    },
    {
      "type": "Supported",
      "name": "L-1X >> L-2X",
      "locationA": "LOC0000000000056203",
      "locationZ": "LOC0000000000056008",
      "uid": "ROT0000000007496672"
    },
    {
      "type": "Supported",
      "name": "L-2 >> L-1",
      "locationA": "LOC0000000000056018",
      "locationZ": "LOC0000000000056020",
      "uid": "ROT0000000007313171"
    },
    {
      "type": "Supported",
      "name": "L-2 >> L-1",
      "locationA": "LOC0000000000195747",
      "locationZ": "LOC0000000000195746",
      "uid": "ROT0000000007377142"
    },
    {
      "type": "Supported",
      "name": "L-2 >> L-3",
      "locationA": "LOC0000000000056012",
      "locationZ": "LOC0000000000056212",
      "uid": "ROT0000000007431136"
    },
    {
      "type": "Supported",
      "name": "L-2 >> L-3",
      "locationA": "LOC0000000000056205",
      "locationZ": "LOC0000000000056207",
      "uid": "ROT0000000007514986"
    },
    {
      "type": "Supported",
      "name": "L-2 >> L-3",
      "locationA": "LOC0000000000195747",
      "locationZ": "LOC0000000000195748",
      "uid": "ROT0000000007377143"
    },
    {
      "type": "Supported",
      "name": "L-20 >> L-19",
      "locationA": "LOC0000000000055828",
      "locationZ": "LOC0000000000056192",
      "uid": "ROT0000000007312744"
    },
    {
      "type": "Supported",
      "name": "L-20 >> L-21",
      "locationA": "LOC0000000000195897",
      "locationZ": "LOC0000000000196595",
      "uid": "ROT0000000007435041"
    },
    {
      "type": "Supported",
      "name": "L-21 >> L-20",
      "locationA": "LOC0000000000056025",
      "locationZ": "LOC0000000000055828",
      "uid": "ROT0000000007444732"
    },
    {
      "type": "Supported",
      "name": "L-21 >> NT",
      "locationA": "LOC0000000000196595",
      "locationZ": "LOC0000000000195898",
      "uid": "ROT0000000007474776"
    },
    {
      "type": "Supported",
      "name": "L-22 >> L-21",
      "locationA": "LOC0000000000056006",
      "locationZ": "LOC0000000000056025",
      "uid": "ROT0000000007471116"
    },
    {
      "type": "Supported",
      "name": "L-23 >> L-22",
      "locationA": "LOC0000000000056177",
      "locationZ": "LOC0000000000056006",
      "uid": "ROT0000000007407577"
    },
    {
      "type": "Supported",
      "name": "L-24 >> L-23",
      "locationA": "LOC0000000000055859",
      "locationZ": "LOC0000000000056177",
      "uid": "ROT0000000007441355"
    },
    {
      "type": "Supported",
      "name": "L-25 >> L-24",
      "locationA": "LOC0000000000056204",
      "locationZ": "LOC0000000000055859",
      "uid": "ROT0000000007347469"
    },
    {
      "type": "Supported",
      "name": "L-26 >> L-25",
      "locationA": "LOC0000000000056174",
      "locationZ": "LOC0000000000056204",
      "uid": "ROT0000000007535310"
    },
    {
      "type": "Supported",
      "name": "L-27 >> L-26",
      "locationA": "LOC0000000000055833",
      "locationZ": "LOC0000000000056174",
      "uid": "ROT0000000007464867"
    },
    {
      "type": "Supported",
      "name": "L-2X >> L-1",
      "locationA": "LOC0000000000056008",
      "locationZ": "LOC0000000000056016",
      "uid": "ROT0000000007489706"
    },
    {
      "type": "Supported",
      "name": "L-2X >> L-3X",
      "locationA": "LOC0000000000056008",
      "locationZ": "LOC0000000000056026",
      "uid": "ROT0000000007489707"
    },
    {
      "type": "Supported",
      "name": "L-3 >> L-2",
      "locationA": "LOC0000000000056007",
      "locationZ": "LOC0000000000056018",
      "uid": "ROT0000000007387141"
    },
    {
      "type": "Supported",
      "name": "L-3 >> L-3A",
      "locationA": "LOC0000000000056212",
      "locationZ": "LOC0000000000056040",
      "uid": "ROT0000000007346128"
    },
    {
      "type": "Supported",
      "name": "L-3 >> L-3A",
      "locationA": "LOC0000000000056207",
      "locationZ": "LOC0000000000056033",
      "uid": "ROT0000000007369916"
    },
    {
      "type": "Supported",
      "name": "L-3 >> L-4",
      "locationA": "LOC0000000000056212",
      "locationZ": "LOC0000000000056213",
      "uid": "ROT0000000007346127"
    },
    {
      "type": "Supported",
      "name": "L-3A >> L-3B",
      "locationA": "LOC0000000000056040",
      "locationZ": "LOC0000000000056001",
      "uid": "ROT0000000007415922"
    },
    {
      "type": "Supported",
      "name": "L-3B >> L-3C",
      "locationA": "LOC0000000000056001",
      "locationZ": "LOC0000000000056004",
      "uid": "ROT0000000007390850"
    },
    {
      "type": "Supported",
      "name": "L-3X >> L-4X",
      "locationA": "LOC0000000000056026",
      "locationZ": "LOC0000000000055830",
      "uid": "ROT0000000007476003"
    },
    {
      "type": "Supported",
      "name": "L-4 1/2 >> L-5X",
      "locationA": "LOC0000000000000798",
      "locationZ": "LOC0000000000055686",
      "uid": "ROT0000000007500027"
    },
    {
      "type": "Supported",
      "name": "L-4 >> L-3",
      "locationA": "LOC0000000000195749",
      "locationZ": "LOC0000000000195748",
      "uid": "ROT0000000007378087"
    },
    {
      "type": "Supported",
      "name": "L-42 >> L-43",
      "locationA": "LOC0000000000055866",
      "locationZ": "LOC0000000000195731",
      "uid": "ROT0000000007478309"
    },
    {
      "type": "Supported",
      "name": "L-43 >> L-44",
      "locationA": "LOC0000000000195731",
      "locationZ": "LOC0000000000195732",
      "uid": "ROT0000000007496984"
    },
    {
      "type": "Supported",
      "name": "L-44 >> L-45",
      "locationA": "LOC0000000000195732",
      "locationZ": "LOC0000000000195733",
      "uid": "ROT0000000007312957"
    },
    {
      "type": "Supported",
      "name": "L-45 >> L-46",
      "locationA": "LOC0000000000195733",
      "locationZ": "LOC0000000000195734",
      "uid": "ROT0000000007391162"
    },
    {
      "type": "Supported",
      "name": "L-46 >> L-47",
      "locationA": "LOC0000000000195734",
      "locationZ": "LOC0000000000195735",
      "uid": "ROT0000000007338713"
    },
    {
      "type": "Supported",
      "name": "L-47 >> L-48",
      "locationA": "LOC0000000000195735",
      "locationZ": "LOC0000000000195736",
      "uid": "ROT0000000007498293"
    },
    {
      "type": "Supported",
      "name": "L-48 >> L-48A",
      "locationA": "LOC0000000000195736",
      "locationZ": "LOC0000000000055865",
      "uid": "ROT0000000007446572"
    },
    {
      "type": "Supported",
      "name": "L-48 >> L-49",
      "locationA": "LOC0000000000195736",
      "locationZ": "LOC0000000000195737",
      "uid": "ROT0000000007446571"
    },
    {
      "type": "Supported",
      "name": "L-48A >> L-48B",
      "locationA": "LOC0000000000055865",
      "locationZ": "LOC0000000000055861",
      "uid": "ROT0000000007508659"
    },
    {
      "type": "Supported",
      "name": "L-49 >> L-50",
      "locationA": "LOC0000000000195737",
      "locationZ": "LOC0000000000195738",
      "uid": "ROT0000000007490647"
    },
    {
      "type": "Supported",
      "name": "L-4A >> L-4B",
      "locationA": "LOC0000000000056185",
      "locationZ": "LOC0000000000055854",
      "uid": "ROT0000000007312249"
    },
    {
      "type": "Supported",
      "name": "L-4B >> L-4C",
      "locationA": "LOC0000000000055854",
      "locationZ": "LOC0000000000056183",
      "uid": "ROT0000000007345299"
    },
    {
      "type": "Supported",
      "name": "L-4C >> L-4D",
      "locationA": "LOC0000000000056183",
      "locationZ": "LOC0000000000056003",
      "uid": "ROT0000000007408195"
    },
    {
      "type": "Supported",
      "name": "L-4D >> L-4E",
      "locationA": "LOC0000000000056003",
      "locationZ": "LOC0000000000056199",
      "uid": "ROT0000000007473236"
    },
    {
      "type": "Supported",
      "name": "L-4E >> L-4F",
      "locationA": "LOC0000000000056199",
      "locationZ": "LOC0000000000056197",
      "uid": "ROT0000000007342701"
    },
    {
      "type": "Supported",
      "name": "L-4X >> L-4 1/2",
      "locationA": "LOC0000000000055830",
      "locationZ": "LOC0000000000000798",
      "uid": "ROT0000000007316968"
    },
    {
      "type": "Supported",
      "name": "L-4X >> L-4A",
      "locationA": "LOC0000000000055830",
      "locationZ": "LOC0000000000056185",
      "uid": "ROT0000000007316967"
    },
    {
      "type": "Supported",
      "name": "L-5 >> L-15",
      "locationA": "LOC0000000000056200",
      "locationZ": "LOC0000000000056184",
      "uid": "ROT0000000007488560"
    },
    {
      "type": "Supported",
      "name": "L-5 >> L-4",
      "locationA": "LOC0000000000056181",
      "locationZ": "LOC0000000000056213",
      "uid": "ROT0000000007322930"
    },
    {
      "type": "Supported",
      "name": "L-5 >> L-4",
      "locationA": "LOC0000000000195750",
      "locationZ": "LOC0000000000195749",
      "uid": "ROT0000000007423899"
    },
    {
      "type": "Supported",
      "name": "L-5 >> L-6",
      "locationA": "LOC0000000000056181",
      "locationZ": "LOC0000000000055827",
      "uid": "ROT0000000007322929"
    },
    {
      "type": "Supported",
      "name": "L-50 >> L-51",
      "locationA": "LOC0000000000195738",
      "locationZ": "LOC0000000000195739",
      "uid": "ROT0000000007353223"
    },
    {
      "type": "Supported",
      "name": "L-51 >> L-52",
      "locationA": "LOC0000000000195739",
      "locationZ": "LOC0000000000195740",
      "uid": "ROT0000000007528873"
    },
    {
      "type": "Supported",
      "name": "L-52 >> L-53",
      "locationA": "LOC0000000000195740",
      "locationZ": "LOC0000000000195741",
      "uid": "ROT0000000007465828"
    },
    {
      "type": "Supported",
      "name": "L-53 >> L-54",
      "locationA": "LOC0000000000195741",
      "locationZ": "LOC0000000000195742",
      "uid": "ROT0000000007378517"
    },
    {
      "type": "Supported",
      "name": "L-54 >> L-55",
      "locationA": "LOC0000000000195742",
      "locationZ": "LOC0000000000195743",
      "uid": "ROT0000000007301494"
    },
    {
      "type": "Supported",
      "name": "L-54A >> L-54",
      "locationA": "LOC0000000000056041",
      "locationZ": "LOC0000000000195742",
      "uid": "ROT0000000007324953"
    },
    {
      "type": "Supported",
      "name": "L-54A >> L-54B",
      "locationA": "LOC0000000000056041",
      "locationZ": "LOC0000000000056193",
      "uid": "ROT0000000007324954"
    },
    {
      "type": "Supported",
      "name": "L-55 >> L-56",
      "locationA": "LOC0000000000195743",
      "locationZ": "LOC0000000000195744",
      "uid": "ROT0000000007367079"
    },
    {
      "type": "Supported",
      "name": "L-56 >> L-57",
      "locationA": "LOC0000000000195744",
      "locationZ": "LOC0000000000195745",
      "uid": "ROT0000000007469010"
    },
    {
      "type": "Supported",
      "name": "L-57 >> L-1",
      "locationA": "LOC0000000000195745",
      "locationZ": "LOC0000000000195746",
      "uid": "ROT0000000007481588"
    },
    {
      "type": "Supported",
      "name": "L-5A >> L-5",
      "locationA": "LOC0000000000056014",
      "locationZ": "LOC0000000000056181",
      "uid": "ROT0000000007534334"
    },
    {
      "type": "Supported",
      "name": "L-5B >> L-5A",
      "locationA": "LOC0000000000056029",
      "locationZ": "LOC0000000000056014",
      "uid": "ROT0000000007479622"
    },
    {
      "type": "Supported",
      "name": "L-5X >> L-6X",
      "locationA": "LOC0000000000055686",
      "locationZ": "LOC0000000000056214",
      "uid": "ROT0000000007390604"
    },
    {
      "type": "Supported",
      "name": "L-6 >> L-5",
      "locationA": "LOC0000000000056039",
      "locationZ": "LOC0000000000056200",
      "uid": "ROT0000000007319107"
    },
    {
      "type": "Supported",
      "name": "L-6 >> L-5",
      "locationA": "LOC0000000000195751",
      "locationZ": "LOC0000000000195750",
      "uid": "ROT0000000007349566"
    },
    {
      "type": "Supported",
      "name": "L-6 >> L-7",
      "locationA": "LOC0000000000055827",
      "locationZ": "LOC0000000000056031",
      "uid": "ROT0000000007301689"
    },
    {
      "type": "Supported",
      "name": "L-6X >> L-7X",
      "locationA": "LOC0000000000056214",
      "locationZ": "LOC0000000000056194",
      "uid": "ROT0000000007411168"
    },
    {
      "type": "Supported",
      "name": "L-7 >> L-6",
      "locationA": "LOC0000000000056037",
      "locationZ": "LOC0000000000056039",
      "uid": "ROT0000000007525032"
    },
    {
      "type": "Supported",
      "name": "L-7 >> L-6",
      "locationA": "LOC0000000000195884",
      "locationZ": "LOC0000000000195751",
      "uid": "ROT0000000007296366"
    },
    {
      "type": "Supported",
      "name": "L-7 >> L-8",
      "locationA": "LOC0000000000056031",
      "locationZ": "LOC0000000000056173",
      "uid": "ROT0000000007535063"
    },
    {
      "type": "Supported",
      "name": "L-7X >> L-8X",
      "locationA": "LOC0000000000056194",
      "locationZ": "LOC0000000000056209",
      "uid": "ROT0000000007366706"
    },
    {
      "type": "Supported",
      "name": "L-8 >> L-7",
      "locationA": "LOC0000000000195885",
      "locationZ": "LOC0000000000195884",
      "uid": "ROT0000000007374201"
    },
    {
      "type": "Supported",
      "name": "L-8 >> L-7",
      "locationA": "LOC0000000000056038",
      "locationZ": "LOC0000000000056037",
      "uid": "ROT0000000007369941"
    },
    {
      "type": "Supported",
      "name": "L-8 >> L-9",
      "locationA": "LOC0000000000056173",
      "locationZ": "LOC0000000000056202",
      "uid": "ROT0000000007500552"
    },
    {
      "type": "Supported",
      "name": "L-8X >> L-9X",
      "locationA": "LOC0000000000056209",
      "locationZ": "LOC0000000000056024",
      "uid": "ROT0000000007306441"
    },
    {
      "type": "Supported",
      "name": "L-9 >> L-10",
      "locationA": "LOC0000000000056036",
      "locationZ": "LOC0000000000056206",
      "uid": "ROT0000000007364223"
    },
    {
      "type": "Supported",
      "name": "L-9 >> L-10",
      "locationA": "LOC0000000000056202",
      "locationZ": "LOC0000000000056009",
      "uid": "ROT0000000007502910"
    },
    {
      "type": "Supported",
      "name": "L-9 >> L-8",
      "locationA": "LOC0000000000056036",
      "locationZ": "LOC0000000000056038",
      "uid": "ROT0000000007364222"
    },
    {
      "type": "Supported",
      "name": "L-9 >> L-8",
      "locationA": "LOC0000000000195886",
      "locationZ": "LOC0000000000195885",
      "uid": "ROT0000000007398752"
    },
    {
      "type": "Supported",
      "name": "L-9A >> L-9",
      "locationA": "LOC0000000000056196",
      "locationZ": "LOC0000000000195886",
      "uid": "ROT0000000007372749"
    },
    {
      "type": "Supported",
      "name": "L-9X >> L-10X",
      "locationA": "LOC0000000000056024",
      "locationZ": "LOC0000000000056175",
      "uid": "ROT0000000007294167"
    },
    {
      "type": "Wall Supported",
      "name": "L-7X >> LB1846",
      "locationA": "LOC0000000000194800",
      "locationZ": "LOC0000000000211380",
      "uid": "ROT0000000007492472"
    }
  ]
}