{
  "startEquipment": {
    "name": "NY10DC135",
    "locationUID": "LOC0000000000196233",
    "x": -73.6145049,
    "y": 40.7911477
  },
  "cell": {
    "name": "NY10DC135",
    "vertices": [
      -73.6223469,
      40.7997384,
      -73.6218213,
      40.7991192,
      -73.6210219,
      40.7980146,
      -73.62114,
      40.796581,
      -73.6201744,
      40.7956957,
      -73.6195628,
      40.7944205,
      -73.6189513,
      40.7939981,
      -73.6198618,
      40.793255,
      -73.6187461,
      40.7924295,
      -73.6184792,
      40.7921889,
      -73.6181654,
      40.7918193,
      -73.6179776,
      40.7916507,
      -73.6175941,
      40.7913217,
      -73.6164891,
      40.7893073,
      -73.616827,
      40.7863545,
      -73.6168538,
      40.7860255,
      -73.6162584,
      40.7860255,
      -73.6164836,
      40.7841774,
      -73.6164836,
      40.7834463,
      -73.6127071,
      40.7820003,
      -73.6098854,
      40.781001,
      -73.6092417,
      40.7826136,
      -73.6084853,
      40.7830624,
      -73.6079435,
      40.7835397,
      -73.6082385,
      40.7843582,
      -73.6075599,
      40.7846334,
      -73.6075532,
      40.7859245,
      -73.6070744,
      40.7869435,
      -73.6077504,
      40.7887631,
      -73.6094885,
      40.7898069,
      -73.6111943,
      40.7907735,
      -73.6112694,
      40.7913421,
      -73.611602,
      40.7934946,
      -73.61275,
      40.7964348,
      -73.6142199,
      40.7983679,
      -73.6151237,
      40.800179,
      -73.6165158,
      40.7994358,
      -73.6174708,
      40.7994339,
      -73.6189271,
      40.7996126,
      -73.6203085,
      40.7997648,
      -73.6205525,
      40.8003719,
      -73.6223469,
      40.7997384
    ]
  },
  "locations": [
    {
      "type": "Joint Pole",
      "name": "L-1",
      "x": -73.6150703,
      "y": 40.783881,
      "uid": "LOC0000000000054831"
    },
    {
      "type": "Joint Pole",
      "name": "L-1",
      "x": -73.6148471,
      "y": 40.7904169,
      "uid": "LOC0000000000058287"
    },
    {
      "type": "Joint Pole",
      "name": "L-1",
      "x": -73.6114555,
      "y": 40.790567,
      "uid": "LOC0000000000059808"
    },
    {
      "type": "Joint Pole",
      "name": "L-1",
      "x": -73.6144639,
      "y": 40.7877502,
      "uid": "LOC0000000000054674"
    },
    {
      "type": "Joint Pole",
      "name": "L-1",
      "x": -73.6144827,
      "y": 40.7888921,
      "uid": "LOC0000000000058424"
    },
    {
      "type": "Joint Pole",
      "name": "L-10",
      "x": -73.6150154,
      "y": 40.7861424,
      "uid": "LOC0000000000054490"
    },
    {
      "type": "Joint Pole",
      "name": "L-10",
      "x": -73.6124261,
      "y": 40.7856577,
      "uid": "LOC0000000000054650"
    },
    {
      "type": "Joint Pole",
      "name": "L-11",
      "x": -73.6120908,
      "y": 40.7853977,
      "uid": "LOC0000000000054509"
    },
    {
      "type": "Joint Pole",
      "name": "L-11A",
      "x": -73.6146331,
      "y": 40.7864477,
      "uid": "LOC0000000000054482"
    },
    {
      "type": "Joint Pole",
      "name": "L-12A",
      "x": -73.6118403,
      "y": 40.7858909,
      "uid": "LOC0000000000054654"
    },
    {
      "type": "Joint Pole",
      "name": "L-12B",
      "x": -73.6123319,
      "y": 40.786138,
      "uid": "LOC0000000000054836"
    },
    {
      "type": "Joint Pole",
      "name": "L-13",
      "x": -73.614977,
      "y": 40.7870071,
      "uid": "LOC0000000000054657"
    },
    {
      "type": "Joint Pole",
      "name": "L-13",
      "x": -73.6110665,
      "y": 40.7854277,
      "uid": "LOC0000000000054827"
    },
    {
      "type": "Joint Pole",
      "name": "L-14",
      "x": -73.6149636,
      "y": 40.7872709,
      "uid": "LOC0000000000054828"
    },
    {
      "type": "Joint Pole",
      "name": "L-145",
      "x": -73.6162874,
      "y": 40.7840042,
      "uid": "LOC0000000000197602"
    },
    {
      "type": "Joint Pole",
      "name": "L-146",
      "x": -73.6159221,
      "y": 40.7838807,
      "uid": "LOC0000000000197601"
    },
    {
      "type": "Joint Pole",
      "name": "L-147",
      "x": -73.6155105,
      "y": 40.7837603,
      "uid": "LOC0000000000197600"
    },
    {
      "type": "Joint Pole",
      "name": "L-148",
      "x": -73.6150888,
      "y": 40.7836367,
      "uid": "LOC0000000000197599"
    },
    {
      "type": "Joint Pole",
      "name": "L-149",
      "x": -73.6147076,
      "y": 40.7835231,
      "uid": "LOC0000000000197598"
    },
    {
      "type": "Joint Pole",
      "name": "L-14A",
      "x": -73.614486,
      "y": 40.7871441,
      "uid": "LOC0000000000054507"
    },
    {
      "type": "Joint Pole",
      "name": "L-14A",
      "x": -73.6153058,
      "y": 40.7875147,
      "uid": "LOC0000000000054661"
    },
    {
      "type": "Joint Pole",
      "name": "L-14B",
      "x": -73.6155869,
      "y": 40.7875545,
      "uid": "LOC0000000000054513"
    },
    {
      "type": "Joint Pole",
      "name": "L-15",
      "x": -73.6101468,
      "y": 40.7854986,
      "uid": "LOC0000000000054677"
    },
    {
      "type": "Joint Pole",
      "name": "L-152S",
      "x": -73.6133096,
      "y": 40.7832803,
      "uid": "LOC0000000000054833"
    },
    {
      "type": "Joint Pole",
      "name": "L-154",
      "x": -73.6127745,
      "y": 40.7828075,
      "uid": "LOC0000000000197625"
    },
    {
      "type": "Joint Pole",
      "name": "L-154S",
      "x": -73.6126538,
      "y": 40.7830141,
      "uid": "LOC0000000000067595"
    },
    {
      "type": "Joint Pole",
      "name": "L-159",
      "x": -73.6110225,
      "y": 40.7818504,
      "uid": "LOC0000000000197593"
    },
    {
      "type": "Joint Pole",
      "name": "L-16",
      "x": -73.6098564,
      "y": 40.7852921,
      "uid": "LOC0000000000054826"
    },
    {
      "type": "Joint Pole",
      "name": "L-160",
      "x": -73.6106296,
      "y": 40.7816367,
      "uid": "LOC0000000000197594"
    },
    {
      "type": "Joint Pole",
      "name": "L-161",
      "x": -73.6102857,
      "y": 40.7814582,
      "uid": "LOC0000000000197595"
    },
    {
      "type": "Joint Pole",
      "name": "L-18",
      "x": -73.6149363,
      "y": 40.7883288,
      "uid": "LOC0000000000054510"
    },
    {
      "type": "Joint Pole",
      "name": "L-2",
      "x": -73.6140554,
      "y": 40.7888908,
      "uid": "LOC0000000000058437"
    },
    {
      "type": "Joint Pole",
      "name": "L-20",
      "x": -73.6149276,
      "y": 40.7889067,
      "uid": "LOC0000000000058454"
    },
    {
      "type": "Joint Pole",
      "name": "L-21",
      "x": -73.6149096,
      "y": 40.789185,
      "uid": "LOC0000000000058596"
    },
    {
      "type": "Joint Pole",
      "name": "L-2A",
      "x": -73.6118306,
      "y": 40.7901165,
      "uid": "LOC0000000000058449"
    },
    {
      "type": "Joint Pole",
      "name": "L-3",
      "x": -73.6129785,
      "y": 40.784262,
      "uid": "LOC0000000000054517"
    },
    {
      "type": "Joint Pole",
      "name": "L-3",
      "x": -73.6132123,
      "y": 40.7878485,
      "uid": "LOC0000000000054839"
    },
    {
      "type": "Joint Pole",
      "name": "L-3",
      "x": -73.6136557,
      "y": 40.7890064,
      "uid": "LOC0000000000058456"
    },
    {
      "type": "Joint Pole",
      "name": "L-3A",
      "x": -73.6118869,
      "y": 40.7896896,
      "uid": "LOC0000000000058434"
    },
    {
      "type": "Joint Pole",
      "name": "L-4",
      "x": -73.6134484,
      "y": 40.7844372,
      "uid": "LOC0000000000054655"
    },
    {
      "type": "Joint Pole",
      "name": "L-4",
      "x": -73.6110772,
      "y": 40.7892523,
      "uid": "LOC0000000000058613"
    },
    {
      "type": "Joint Pole",
      "name": "L-4A",
      "x": -73.6107871,
      "y": 40.7891882,
      "uid": "LOC0000000000058446"
    },
    {
      "type": "Joint Pole",
      "name": "L-5",
      "x": -73.6134282,
      "y": 40.78479,
      "uid": "LOC0000000000054665"
    },
    {
      "type": "Joint Pole",
      "name": "L-5",
      "x": -73.6122702,
      "y": 40.7879202,
      "uid": "LOC0000000000054678"
    },
    {
      "type": "Joint Pole",
      "name": "L-52.5A",
      "x": -73.6124722,
      "y": 40.7836577,
      "uid": "LOC0000000000054484"
    },
    {
      "type": "Joint Pole",
      "name": "L-5A",
      "x": -73.6127649,
      "y": 40.7847733,
      "uid": "LOC0000000000054508"
    },
    {
      "type": "Joint Pole",
      "name": "L-5A",
      "x": -73.6120866,
      "y": 40.7876612,
      "uid": "LOC0000000000054830"
    },
    {
      "type": "Joint Pole",
      "name": "L-5A",
      "x": -73.6141105,
      "y": 40.7893034,
      "uid": "LOC0000000000059810"
    },
    {
      "type": "Joint Pole",
      "name": "L-5B",
      "x": -73.6123503,
      "y": 40.7873701,
      "uid": "LOC0000000000054834"
    },
    {
      "type": "Joint Pole",
      "name": "L-5B",
      "x": -73.6120356,
      "y": 40.7847084,
      "uid": "LOC0000000000054664"
    },
    {
      "type": "Joint Pole",
      "name": "L-5C",
      "x": -73.6123725,
      "y": 40.7870292,
      "uid": "LOC0000000000054503"
    },
    {
      "type": "Joint Pole",
      "name": "L-5D",
      "x": -73.6106189,
      "y": 40.7845642,
      "uid": "LOC0000000000054668"
    },
    {
      "type": "Joint Pole",
      "name": "L-6",
      "x": -73.613659,
      "y": 40.7897687,
      "uid": "LOC0000000000059803"
    },
    {
      "type": "Joint Pole",
      "name": "L-6",
      "x": -73.6133797,
      "y": 40.7852224,
      "uid": "LOC0000000000054681"
    },
    {
      "type": "Joint Pole",
      "name": "L-67",
      "x": -73.6185323,
      "y": 40.7925362,
      "uid": "LOC0000000000196091"
    },
    {
      "type": "Joint Pole",
      "name": "L-67S",
      "x": -73.6182631,
      "y": 40.7926117,
      "uid": "LOC0000000000058425"
    },
    {
      "type": "Joint Pole",
      "name": "L-69",
      "x": -73.6181569,
      "y": 40.7921368,
      "uid": "LOC0000000000196093"
    },
    {
      "type": "Joint Pole",
      "name": "L-7",
      "x": -73.6110591,
      "y": 40.787753,
      "uid": "LOC0000000000054690"
    },
    {
      "type": "Joint Pole",
      "name": "L-7",
      "x": -73.6136561,
      "y": 40.7901766,
      "uid": "LOC0000000000058436"
    },
    {
      "type": "Joint Pole",
      "name": "L-7",
      "x": -73.6133231,
      "y": 40.7855501,
      "uid": "LOC0000000000054841"
    },
    {
      "type": "Joint Pole",
      "name": "L-71",
      "x": -73.6177792,
      "y": 40.791711,
      "uid": "LOC0000000000196095"
    },
    {
      "type": "Joint Pole",
      "name": "L-72",
      "x": -73.6174046,
      "y": 40.791529,
      "uid": "LOC0000000000196096"
    },
    {
      "type": "Joint Pole",
      "name": "L-72A",
      "x": -73.6171354,
      "y": 40.7916942,
      "uid": "LOC0000000000058461"
    },
    {
      "type": "Joint Pole",
      "name": "L-72C",
      "x": -73.6171375,
      "y": 40.7921088,
      "uid": "LOC0000000000058597"
    },
    {
      "type": "Joint Pole",
      "name": "L-72D",
      "x": -73.617132,
      "y": 40.792426,
      "uid": "LOC0000000000058623"
    },
    {
      "type": "Joint Pole",
      "name": "L-72E",
      "x": -73.6171227,
      "y": 40.7927485,
      "uid": "LOC0000000000058423"
    },
    {
      "type": "Joint Pole",
      "name": "L-72F",
      "x": -73.6170853,
      "y": 40.7930186,
      "uid": "LOC0000000000058438"
    },
    {
      "type": "Joint Pole",
      "name": "L-72G",
      "x": -73.6170568,
      "y": 40.7932103,
      "uid": "LOC0000000000059805"
    },
    {
      "type": "Joint Pole",
      "name": "L-72H",
      "x": -73.6170284,
      "y": 40.7933865,
      "uid": "LOC0000000000058463"
    },
    {
      "type": "Joint Pole",
      "name": "L-72J",
      "x": -73.6166903,
      "y": 40.793356,
      "uid": "LOC0000000000058432"
    },
    {
      "type": "Joint Pole",
      "name": "L-72K",
      "x": -73.6163859,
      "y": 40.7933293,
      "uid": "LOC0000000000059944"
    },
    {
      "type": "Joint Pole",
      "name": "L-73",
      "x": -73.6169272,
      "y": 40.7914575,
      "uid": "LOC0000000000196097"
    },
    {
      "type": "Joint Pole",
      "name": "L-75",
      "x": -73.616087,
      "y": 40.7913537,
      "uid": "LOC0000000000196099"
    },
    {
      "type": "Joint Pole",
      "name": "L-77",
      "x": -73.6151957,
      "y": 40.7912403,
      "uid": "LOC0000000000196232"
    },
    {
      "type": "Joint Pole",
      "name": "L-79X",
      "x": -73.6148284,
      "y": 40.7908123,
      "uid": "LOC0000000000058614"
    },
    {
      "type": "Joint Pole",
      "name": "L-7A",
      "x": -73.6141018,
      "y": 40.7901512,
      "uid": "LOC0000000000059800"
    },
    {
      "type": "Joint Pole",
      "name": "L-7A",
      "x": -73.6145588,
      "y": 40.785283,
      "uid": "LOC0000000000054496"
    },
    {
      "type": "Joint Pole",
      "name": "L-7A",
      "x": -73.6106906,
      "y": 40.7875148,
      "uid": "LOC0000000000054672"
    },
    {
      "type": "Joint Pole",
      "name": "L-8",
      "x": -73.6150229,
      "y": 40.7855616,
      "uid": "LOC0000000000054687"
    },
    {
      "type": "Joint Pole",
      "name": "L-8",
      "x": -73.6133023,
      "y": 40.7858793,
      "uid": "LOC0000000000054516"
    },
    {
      "type": "Joint Pole",
      "name": "L-8",
      "x": -73.6133753,
      "y": 40.7901927,
      "uid": "LOC0000000000058612"
    },
    {
      "type": "Joint Pole",
      "name": "L-80",
      "x": -73.6137575,
      "y": 40.7911101,
      "uid": "LOC0000000000196235"
    },
    {
      "type": "Joint Pole",
      "name": "L-85",
      "x": -73.6115081,
      "y": 40.790911,
      "uid": "LOC0000000000196240"
    },
    {
      "type": "Joint Pole",
      "name": "L-85S",
      "x": -73.6115411,
      "y": 40.7911241,
      "uid": "LOC0000000000058435"
    },
    {
      "type": "Joint Pole",
      "name": "L-9",
      "x": -73.6128575,
      "y": 40.7858949,
      "uid": "LOC0000000000054491"
    },
    {
      "type": "Joint Pole",
      "name": "L158",
      "x": -73.6113881,
      "y": 40.782051,
      "uid": "LOC0000000000197597"
    },
    {
      "type": "Joint Pole",
      "name": "NT",
      "x": -73.613394,
      "y": 40.7897846,
      "uid": "LOC0000000000059807"
    },
    {
      "type": "Joint Pole",
      "name": "NT",
      "x": -73.6156653,
      "y": 40.7913004,
      "uid": "LOC0000000000196100"
    },
    {
      "type": "Joint Pole",
      "name": "NT",
      "x": -73.6143109,
      "y": 40.7913434,
      "uid": "LOC0000000000058451"
    },
    {
      "type": "Joint Pole",
      "name": "NT",
      "x": -73.6149231,
      "y": 40.7886254,
      "uid": "LOC0000000000054489"
    },
    {
      "type": "Joint Pole",
      "name": "NT",
      "x": -73.6149636,
      "y": 40.787514,
      "uid": "LOC0000000000054832"
    },
    {
      "type": "Joint Pole",
      "name": "NT",
      "x": -73.6149575,
      "y": 40.7877184,
      "uid": "LOC0000000000054492"
    },
    {
      "type": "Joint Pole",
      "name": "NT",
      "x": -73.6149861,
      "y": 40.7867288,
      "uid": "LOC0000000000054499"
    },
    {
      "type": "Joint Pole",
      "name": "PL63",
      "x": -73.6104778,
      "y": 40.7840021,
      "uid": "LOC0000000000193746"
    },
    {
      "type": "Joint Pole",
      "name": "T-150",
      "x": -73.6142065,
      "y": 40.7833739,
      "uid": "LOC0000000000197621"
    },
    {
      "type": "Joint Pole",
      "name": "T-151",
      "x": -73.6137002,
      "y": 40.7831958,
      "uid": "LOC0000000000197622"
    },
    {
      "type": "Joint Pole",
      "name": "T-152",
      "x": -73.6133365,
      "y": 40.7830388,
      "uid": "LOC0000000000197623"
    },
    {
      "type": "Joint Pole",
      "name": "T-153",
      "x": -73.6130407,
      "y": 40.7829055,
      "uid": "LOC0000000000197624"
    },
    {
      "type": "Joint Pole",
      "name": "T-155",
      "x": -73.6121529,
      "y": 40.7825234,
      "uid": "LOC0000000000195546"
    },
    {
      "type": "Joint Pole",
      "name": "T-156",
      "x": -73.6118905,
      "y": 40.7823827,
      "uid": "LOC0000000000195547"
    },
    {
      "type": "Joint Pole",
      "name": "T-157",
      "x": -73.6116764,
      "y": 40.7822417,
      "uid": "LOC0000000000195548"
    },
    {
      "type": "Joint Pole",
      "name": "T-2",
      "x": -73.6124946,
      "y": 40.7840856,
      "uid": "LOC0000000000054504"
    },
    {
      "type": "Joint Pole",
      "name": "T-2",
      "x": -73.6150634,
      "y": 40.7840271,
      "uid": "LOC0000000000054685"
    },
    {
      "type": "Joint Pole",
      "name": "T-22",
      "x": -73.6148875,
      "y": 40.7896766,
      "uid": "LOC0000000000058444"
    },
    {
      "type": "Joint Pole",
      "name": "T-23",
      "x": -73.6148598,
      "y": 40.790169,
      "uid": "LOC0000000000059812"
    },
    {
      "type": "Joint Pole",
      "name": "T-4",
      "x": -73.6150451,
      "y": 40.7844664,
      "uid": "LOC0000000000054662"
    },
    {
      "type": "Joint Pole",
      "name": "T-4S",
      "x": -73.6142791,
      "y": 40.7827014,
      "uid": "LOC0000000000067765"
    },
    {
      "type": "Joint Pole",
      "name": "T-5S",
      "x": -73.6138463,
      "y": 40.7825279,
      "uid": "LOC0000000000068108"
    },
    {
      "type": "Joint Pole",
      "name": "T-6",
      "x": -73.6150394,
      "y": 40.7849047,
      "uid": "LOC0000000000054506"
    },
    {
      "type": "Joint Pole",
      "name": "T-63",
      "x": -73.6195812,
      "y": 40.7932801,
      "uid": "LOC0000000000058609"
    },
    {
      "type": "Joint Pole",
      "name": "T-64",
      "x": -73.6191469,
      "y": 40.7930344,
      "uid": "LOC0000000000058617"
    },
    {
      "type": "Joint Pole",
      "name": "T-65",
      "x": -73.6189344,
      "y": 40.7928886,
      "uid": "LOC0000000000058420"
    },
    {
      "type": "Joint Pole",
      "name": "T-65S",
      "x": -73.6186743,
      "y": 40.7929606,
      "uid": "LOC0000000000058615"
    },
    {
      "type": "Joint Pole",
      "name": "T-66",
      "x": -73.6187538,
      "y": 40.7927497,
      "uid": "LOC0000000000058426"
    },
    {
      "type": "Joint Pole",
      "name": "T-6S",
      "x": -73.6134768,
      "y": 40.7823251,
      "uid": "LOC0000000000067921"
    },
    {
      "type": "Joint Pole",
      "name": "T-78",
      "x": -73.6145036,
      "y": 40.7911462,
      "uid": "LOC0000000000196233"
    },
    {
      "type": "Joint Pole",
      "name": "T-81",
      "x": -73.6133229,
      "y": 40.791081,
      "uid": "LOC0000000000196236"
    },
    {
      "type": "Joint Pole",
      "name": "T-82",
      "x": -73.6128881,
      "y": 40.7910518,
      "uid": "LOC0000000000196237"
    },
    {
      "type": "Joint Pole with Transformer",
      "name": "L-1",
      "x": -73.612952,
      "y": 40.7836647,
      "uid": "LOC0000000000054692"
    },
    {
      "type": "Joint Pole with Transformer",
      "name": "L-11",
      "x": -73.6149967,
      "y": 40.7864518,
      "uid": "LOC0000000000054651"
    },
    {
      "type": "Joint Pole with Transformer",
      "name": "L-12",
      "x": -73.6117809,
      "y": 40.7854796,
      "uid": "LOC0000000000054495"
    },
    {
      "type": "Joint Pole with Transformer",
      "name": "L-14",
      "x": -73.6105676,
      "y": 40.785695,
      "uid": "LOC0000000000054835"
    },
    {
      "type": "Joint Pole with Transformer",
      "name": "L-14B",
      "x": -73.6140735,
      "y": 40.7870596,
      "uid": "LOC0000000000054829"
    },
    {
      "type": "Joint Pole with Transformer",
      "name": "L-14C",
      "x": -73.6158861,
      "y": 40.7875944,
      "uid": "LOC0000000000054840"
    },
    {
      "type": "Joint Pole with Transformer",
      "name": "L-14D",
      "x": -73.6162497,
      "y": 40.7875979,
      "uid": "LOC0000000000054488"
    },
    {
      "type": "Joint Pole with Transformer",
      "name": "L-162",
      "x": -73.6098997,
      "y": 40.781248,
      "uid": "LOC0000000000197596"
    },
    {
      "type": "Joint Pole with Transformer",
      "name": "L-2",
      "x": -73.611403,
      "y": 40.7901426,
      "uid": "LOC0000000000058445"
    },
    {
      "type": "Joint Pole with Transformer",
      "name": "L-2",
      "x": -73.6138714,
      "y": 40.7878007,
      "uid": "LOC0000000000054659"
    },
    {
      "type": "Joint Pole with Transformer",
      "name": "L-3",
      "x": -73.6112727,
      "y": 40.7897222,
      "uid": "LOC0000000000058598"
    },
    {
      "type": "Joint Pole with Transformer",
      "name": "L-3",
      "x": -73.6150506,
      "y": 40.7842962,
      "uid": "LOC0000000000054669"
    },
    {
      "type": "Joint Pole with Transformer",
      "name": "L-4",
      "x": -73.6126861,
      "y": 40.7878869,
      "uid": "LOC0000000000054498"
    },
    {
      "type": "Joint Pole with Transformer",
      "name": "L-5",
      "x": -73.6136576,
      "y": 40.7893464,
      "uid": "LOC0000000000058443"
    },
    {
      "type": "Joint Pole with Transformer",
      "name": "L-5C",
      "x": -73.6113089,
      "y": 40.7846406,
      "uid": "LOC0000000000054515"
    },
    {
      "type": "Joint Pole with Transformer",
      "name": "L-6",
      "x": -73.6116954,
      "y": 40.7879297,
      "uid": "LOC0000000000054514"
    },
    {
      "type": "Joint Pole with Transformer",
      "name": "L-68",
      "x": -73.6183261,
      "y": 40.7923224,
      "uid": "LOC0000000000196092"
    },
    {
      "type": "Joint Pole with Transformer",
      "name": "L-7",
      "x": -73.6150224,
      "y": 40.7852894,
      "uid": "LOC0000000000054487"
    },
    {
      "type": "Joint Pole with Transformer",
      "name": "L-70",
      "x": -73.6179855,
      "y": 40.7919371,
      "uid": "LOC0000000000196094"
    },
    {
      "type": "Joint Pole with Transformer",
      "name": "L-72B",
      "x": -73.6171424,
      "y": 40.7918512,
      "uid": "LOC0000000000058605"
    },
    {
      "type": "Joint Pole with Transformer",
      "name": "L-74",
      "x": -73.6164823,
      "y": 40.7914069,
      "uid": "LOC0000000000196098"
    },
    {
      "type": "Joint Pole with Transformer",
      "name": "L-79",
      "x": -73.614118,
      "y": 40.7911343,
      "uid": "LOC0000000000196234"
    },
    {
      "type": "Joint Pole with Transformer",
      "name": "L-84",
      "x": -73.6119599,
      "y": 40.7909603,
      "uid": "LOC0000000000196239"
    },
    {
      "type": "Joint Pole with Transformer",
      "name": "NT",
      "x": -73.6149433,
      "y": 40.7880687,
      "uid": "LOC0000000000054518"
    },
    {
      "type": "Joint Pole with Transformer",
      "name": "NT",
      "x": -73.6150178,
      "y": 40.7858496,
      "uid": "LOC0000000000054679"
    },
    {
      "type": "Joint Pole with Transformer",
      "name": "NT",
      "x": -73.6133191,
      "y": 40.7890051,
      "uid": "LOC0000000000058441"
    },
    {
      "type": "Joint Pole with Transformer",
      "name": "T-83",
      "x": -73.6124236,
      "y": 40.7910103,
      "uid": "LOC0000000000196238"
    },
    {
      "type": "Lockbox",
      "name": "LB21",
      "x": -73.6119528,
      "y": 40.7844442,
      "uid": "LOC0000000000203336"
    },
    {
      "type": "Lockbox",
      "name": "LB2103",
      "x": -73.6159104,
      "y": 40.797182,
      "uid": "LOC0000000000213546"
    },
    {
      "type": "Lockbox",
      "name": "LB2300",
      "x": -73.6100781,
      "y": 40.784105,
      "uid": "LOC0000000000214253"
    },
    {
      "type": "Lockbox",
      "name": "LB880",
      "x": -73.6161131,
      "y": 40.7864585,
      "uid": "LOC0000000000205424"
    },
    {
      "type": "MDU",
      "name": "BH120293",
      "x": -73.6084439,
      "y": 40.7885816,
      "uid": "LOC0000000060145974"
    },
    {
      "type": "MDU",
      "name": "BH120830",
      "x": -73.6181635,
      "y": 40.7920537,
      "uid": "LOC0000000003327588"
    },
    {
      "type": "MDU",
      "name": "BH121461",
      "x": -73.6165183,
      "y": 40.7874511,
      "uid": "LOC0000000060108504"
    },
    {
      "type": "MDU",
      "name": "BH134459",
      "x": -73.6135053,
      "y": 40.7840424,
      "uid": "LOC0000000003391711"
    },
    {
      "type": "MDU",
      "name": "BH137836",
      "x": -73.6101547,
      "y": 40.7845487,
      "uid": "LOC0000000060145686"
    },
    {
      "type": "MDU",
      "name": "BH141043",
      "x": -73.6159241,
      "y": 40.7847855,
      "uid": "LOC0000000060143827"
    },
    {
      "type": "MDU",
      "name": "BH141202",
      "x": -73.6169448,
      "y": 40.7959669,
      "uid": "LOC0000000060140657"
    },
    {
      "type": "MDU",
      "name": "BH146965",
      "x": -73.6109428,
      "y": 40.7856516,
      "uid": "LOC0000000060144031"
    },
    {
      "type": "MDU",
      "name": "BH167277",
      "x": -73.6157922,
      "y": 40.7928171,
      "uid": "LOC0000000003553203"
    },
    {
      "type": "MDU",
      "name": "BH176248",
      "x": -73.6158153,
      "y": 40.7859541,
      "uid": "LOC0000000003588245"
    },
    {
      "type": "MDU",
      "name": "BH180597",
      "x": -73.6118139,
      "y": 40.7890698,
      "uid": "LOC0000000003608203"
    },
    {
      "type": "MDU",
      "name": "BH184695",
      "x": -73.6160671,
      "y": 40.7866824,
      "uid": "LOC0000000060143822"
    },
    {
      "type": "Mid Span Junction",
      "name": "MS988",
      "x": -73.6147997,
      "y": 40.7913846,
      "uid": "LOC0000000000320679"
    },
    {
      "type": "Pedestal",
      "name": "PD100",
      "x": -73.6183805,
      "y": 40.7974775,
      "uid": "LOC0000000000209888"
    },
    {
      "type": "Pedestal",
      "name": "PD1137",
      "x": -73.617653,
      "y": 40.7990913,
      "uid": "LOC0000000000223391"
    },
    {
      "type": "Pedestal",
      "name": "PD1138",
      "x": -73.6175556,
      "y": 40.7985255,
      "uid": "LOC0000000000223392"
    },
    {
      "type": "Pedestal",
      "name": "PD1139",
      "x": -73.6160755,
      "y": 40.79932,
      "uid": "LOC0000000000223393"
    },
    {
      "type": "Pedestal",
      "name": "PD1140",
      "x": -73.6163722,
      "y": 40.7994008,
      "uid": "LOC0000000000223394"
    },
    {
      "type": "Pedestal",
      "name": "PD1141",
      "x": -73.6155303,
      "y": 40.7982013,
      "uid": "LOC0000000000223395"
    },
    {
      "type": "Pedestal",
      "name": "PD1142",
      "x": -73.6194216,
      "y": 40.7984812,
      "uid": "LOC0000000000223396"
    },
    {
      "type": "Pedestal",
      "name": "PD1143",
      "x": -73.6180422,
      "y": 40.798369,
      "uid": "LOC0000000000223397"
    },
    {
      "type": "Pedestal",
      "name": "PD1144",
      "x": -73.6170239,
      "y": 40.7970622,
      "uid": "LOC0000000000223398"
    },
    {
      "type": "Pedestal",
      "name": "PD1145",
      "x": -73.6155249,
      "y": 40.795708,
      "uid": "LOC0000000000223399"
    },
    {
      "type": "Pedestal",
      "name": "PD1146",
      "x": -73.6140258,
      "y": 40.7954997,
      "uid": "LOC0000000000223400"
    },
    {
      "type": "Pedestal",
      "name": "PD1147",
      "x": -73.6155004,
      "y": 40.7950568,
      "uid": "LOC0000000000223401"
    },
    {
      "type": "Pedestal",
      "name": "PD1148",
      "x": -73.6157499,
      "y": 40.7950006,
      "uid": "LOC0000000000223402"
    },
    {
      "type": "Pedestal",
      "name": "PD1149",
      "x": -73.6151522,
      "y": 40.7944602,
      "uid": "LOC0000000000223403"
    },
    {
      "type": "Pedestal",
      "name": "PD1150",
      "x": -73.614257,
      "y": 40.7935896,
      "uid": "LOC0000000000223404"
    },
    {
      "type": "Pedestal",
      "name": "PD1151",
      "x": -73.6148081,
      "y": 40.7915843,
      "uid": "LOC0000000000223405"
    },
    {
      "type": "Pedestal",
      "name": "PD1152",
      "x": -73.6150348,
      "y": 40.7926607,
      "uid": "LOC0000000000223406"
    },
    {
      "type": "Pedestal",
      "name": "PD1153",
      "x": -73.6143466,
      "y": 40.7934202,
      "uid": "LOC0000000000223407"
    },
    {
      "type": "Pedestal",
      "name": "PD1154",
      "x": -73.6133474,
      "y": 40.7932462,
      "uid": "LOC0000000000223408"
    },
    {
      "type": "Pedestal",
      "name": "PD1155",
      "x": -73.6129698,
      "y": 40.7933392,
      "uid": "LOC0000000000223409"
    },
    {
      "type": "Pedestal",
      "name": "PD1156",
      "x": -73.6128995,
      "y": 40.7938082,
      "uid": "LOC0000000000223410"
    },
    {
      "type": "Pedestal",
      "name": "PD1157",
      "x": -73.6183242,
      "y": 40.79503,
      "uid": "LOC0000000000223411"
    },
    {
      "type": "Pedestal",
      "name": "PD1158",
      "x": -73.6188348,
      "y": 40.7952109,
      "uid": "LOC0000000000223412"
    },
    {
      "type": "Pedestal",
      "name": "PD1159",
      "x": -73.6191063,
      "y": 40.7944649,
      "uid": "LOC0000000000223413"
    },
    {
      "type": "Pedestal",
      "name": "PD1160",
      "x": -73.6198096,
      "y": 40.7962787,
      "uid": "LOC0000000000223414"
    },
    {
      "type": "Pedestal",
      "name": "PD1161",
      "x": -73.6204157,
      "y": 40.7980591,
      "uid": "LOC0000000000223415"
    },
    {
      "type": "Pedestal",
      "name": "PD1162",
      "x": -73.6182011,
      "y": 40.7951686,
      "uid": "LOC0000000000223416"
    },
    {
      "type": "Pedestal",
      "name": "PD1163",
      "x": -73.6128141,
      "y": 40.7922572,
      "uid": "LOC0000000000223417"
    },
    {
      "type": "Pedestal",
      "name": "PD1203",
      "x": -73.6123371,
      "y": 40.7945209,
      "uid": "LOC0000000000224036"
    },
    {
      "type": "Pedestal",
      "name": "PD1204",
      "x": -73.6118977,
      "y": 40.7918174,
      "uid": "LOC0000000000224037"
    },
    {
      "type": "Pedestal",
      "name": "PD1205",
      "x": -73.6168751,
      "y": 40.7949911,
      "uid": "LOC0000000000224038"
    },
    {
      "type": "Pedestal",
      "name": "PD1206",
      "x": -73.6210369,
      "y": 40.7965697,
      "uid": "LOC0000000000224039"
    },
    {
      "type": "Pedestal",
      "name": "PD1207",
      "x": -73.6211259,
      "y": 40.7990789,
      "uid": "LOC0000000000224040"
    },
    {
      "type": "Pedestal",
      "name": "PD1208",
      "x": -73.6137636,
      "y": 40.7971841,
      "uid": "LOC0000000000224041"
    },
    {
      "type": "Pedestal",
      "name": "PD1210",
      "x": -73.6151824,
      "y": 40.7977402,
      "uid": "LOC0000000000224055"
    },
    {
      "type": "Pedestal",
      "name": "PD1211",
      "x": -73.6198775,
      "y": 40.7982189,
      "uid": "LOC0000000000224056"
    },
    {
      "type": "Pedestal",
      "name": "PD602",
      "x": -73.6089058,
      "y": 40.7842838,
      "uid": "LOC0000000000219905"
    },
    {
      "type": "Pedestal",
      "name": "PD603",
      "x": -73.6120382,
      "y": 40.7834679,
      "uid": "LOC0000000000219906"
    },
    {
      "type": "Pedestal",
      "name": "PD620",
      "x": -73.6088674,
      "y": 40.7862426,
      "uid": "LOC0000000000220079"
    },
    {
      "type": "Pedestal",
      "name": "PD633",
      "x": -73.6103596,
      "y": 40.7822919,
      "uid": "LOC0000000000220187"
    },
    {
      "type": "Pedestal",
      "name": "PD650",
      "x": -73.6124272,
      "y": 40.7828847,
      "uid": "LOC0000000000220363"
    },
    {
      "type": "Pedestal",
      "name": "PD906",
      "x": -73.6161808,
      "y": 40.7845424,
      "uid": "LOC0000000000221919"
    },
    {
      "type": "Pedestal",
      "name": "PD922",
      "x": -73.6145894,
      "y": 40.7948373,
      "uid": "LOC0000000000222046"
    },
    {
      "type": "Pedestal",
      "name": "PD98",
      "x": -73.6175189,
      "y": 40.7973535,
      "uid": "LOC0000000000209886"
    },
    {
      "type": "Pedestal",
      "name": "PD99",
      "x": -73.6177723,
      "y": 40.7963788,
      "uid": "LOC0000000000209887"
    },
    {
      "type": "SDU",
      "name": "BH119146",
      "x": -73.609035,
      "y": 40.7872569,
      "uid": "LOC0000000003322153"
    },
    {
      "type": "SDU",
      "name": "BH119334",
      "x": -73.6143661,
      "y": 40.7887834,
      "uid": "LOC0000000060141668"
    },
    {
      "type": "SDU",
      "name": "BH119694",
      "x": -73.6143549,
      "y": 40.7842289,
      "uid": "LOC0000000003323694"
    },
    {
      "type": "SDU",
      "name": "BH119813",
      "x": -73.6136972,
      "y": 40.7930498,
      "uid": "LOC0000000060139953"
    },
    {
      "type": "SDU",
      "name": "BH120257",
      "x": -73.6097031,
      "y": 40.7850229,
      "uid": "LOC0000000003325349"
    },
    {
      "type": "SDU",
      "name": "BH120480",
      "x": -73.6130811,
      "y": 40.7908293,
      "uid": "LOC0000000003325988"
    },
    {
      "type": "SDU",
      "name": "BH121567",
      "x": -73.6166354,
      "y": 40.7981651,
      "uid": "LOC0000000060139059"
    },
    {
      "type": "SDU",
      "name": "BH121765",
      "x": -73.6125251,
      "y": 40.7853419,
      "uid": "LOC0000000003331259"
    },
    {
      "type": "SDU",
      "name": "BH122248",
      "x": -73.6181067,
      "y": 40.7918998,
      "uid": "LOC0000000003333952"
    },
    {
      "type": "SDU",
      "name": "BH124072",
      "x": -73.6139401,
      "y": 40.7873855,
      "uid": "LOC0000000060143839"
    },
    {
      "type": "SDU",
      "name": "BH124111",
      "x": -73.6188744,
      "y": 40.7984239,
      "uid": "LOC0000000060139037"
    },
    {
      "type": "SDU",
      "name": "BH124478",
      "x": -73.6084339,
      "y": 40.7835743,
      "uid": "LOC0000000060144297"
    },
    {
      "type": "SDU",
      "name": "BH124798",
      "x": -73.6110967,
      "y": 40.7842149,
      "uid": "LOC0000000003346235"
    },
    {
      "type": "SDU",
      "name": "BH125709",
      "x": -73.6128965,
      "y": 40.7865904,
      "uid": "LOC0000000060144026"
    },
    {
      "type": "SDU",
      "name": "BH125822",
      "x": -73.615799,
      "y": 40.7880205,
      "uid": "LOC0000000060143653"
    },
    {
      "type": "SDU",
      "name": "BH126069",
      "x": -73.6147633,
      "y": 40.7982235,
      "uid": "LOC0000000060139056"
    },
    {
      "type": "SDU",
      "name": "BH128306",
      "x": -73.6144994,
      "y": 40.7879576,
      "uid": "LOC0000000060143193"
    },
    {
      "type": "SDU",
      "name": "BH130775",
      "x": -73.6097703,
      "y": 40.7856703,
      "uid": "LOC0000000003374946"
    },
    {
      "type": "SDU",
      "name": "BH130859",
      "x": -73.6151515,
      "y": 40.7882329,
      "uid": "LOC0000000060143331"
    },
    {
      "type": "SDU",
      "name": "BH130953",
      "x": -73.6121049,
      "y": 40.7872366,
      "uid": "LOC0000000060144024"
    },
    {
      "type": "SDU",
      "name": "BH135210",
      "x": -73.6156861,
      "y": 40.7885044,
      "uid": "LOC0000000003394757"
    },
    {
      "type": "SDU",
      "name": "BH138240",
      "x": -73.6153255,
      "y": 40.7889343,
      "uid": "LOC0000000060141639"
    },
    {
      "type": "SDU",
      "name": "BH138319",
      "x": -73.6098099,
      "y": 40.7862697,
      "uid": "LOC0000000003407671"
    },
    {
      "type": "SDU",
      "name": "BH140440",
      "x": -73.6143536,
      "y": 40.7893698,
      "uid": "LOC0000000060141637"
    },
    {
      "type": "SDU",
      "name": "BH140670",
      "x": -73.6082125,
      "y": 40.7848232,
      "uid": "LOC0000000003420263"
    },
    {
      "type": "SDU",
      "name": "BH141335",
      "x": -73.6142446,
      "y": 40.788212,
      "uid": "LOC0000000003422641"
    },
    {
      "type": "SDU",
      "name": "BH141448",
      "x": -73.6127965,
      "y": 40.7833575,
      "uid": "LOC0000000060146862"
    },
    {
      "type": "SDU",
      "name": "BH141474",
      "x": -73.6145426,
      "y": 40.7949123,
      "uid": "LOC0000000003423050"
    },
    {
      "type": "SDU",
      "name": "BH141531",
      "x": -73.6109534,
      "y": 40.7825175,
      "uid": "LOC0000000003423218"
    },
    {
      "type": "SDU",
      "name": "BH142811",
      "x": -73.6152923,
      "y": 40.7895037,
      "uid": "LOC0000000060141635"
    },
    {
      "type": "SDU",
      "name": "BH145283",
      "x": -73.6141008,
      "y": 40.7897828,
      "uid": "LOC0000000003441343"
    },
    {
      "type": "SDU",
      "name": "BH145864",
      "x": -73.6152232,
      "y": 40.7900591,
      "uid": "LOC0000000060141634"
    },
    {
      "type": "SDU",
      "name": "BH146195",
      "x": -73.6100725,
      "y": 40.7868373,
      "uid": "LOC0000000003445205"
    },
    {
      "type": "SDU",
      "name": "BH146762",
      "x": -73.6083663,
      "y": 40.7854796,
      "uid": "LOC0000000003447429"
    },
    {
      "type": "SDU",
      "name": "BH147049",
      "x": -73.6143062,
      "y": 40.7902211,
      "uid": "LOC0000000060141551"
    },
    {
      "type": "SDU",
      "name": "BH148633",
      "x": -73.6152367,
      "y": 40.7908319,
      "uid": "LOC0000000003459565"
    },
    {
      "type": "SDU",
      "name": "BH149063",
      "x": -73.6137844,
      "y": 40.7909397,
      "uid": "LOC0000000060141512"
    },
    {
      "type": "SDU",
      "name": "BH149335",
      "x": -73.6112986,
      "y": 40.7864666,
      "uid": "LOC0000000060144029"
    },
    {
      "type": "SDU",
      "name": "BH151776",
      "x": -73.6100591,
      "y": 40.7878386,
      "uid": "LOC0000000003476559"
    },
    {
      "type": "SDU",
      "name": "BH152389",
      "x": -73.608576,
      "y": 40.7864159,
      "uid": "LOC0000000060192471"
    },
    {
      "type": "SDU",
      "name": "BH152523",
      "x": -73.6143485,
      "y": 40.790969,
      "uid": "LOC0000000060141511"
    },
    {
      "type": "SDU",
      "name": "BH153310",
      "x": -73.6161197,
      "y": 40.7911074,
      "uid": "LOC0000000060141508"
    },
    {
      "type": "SDU",
      "name": "BH154230",
      "x": -73.6111025,
      "y": 40.7876449,
      "uid": "LOC0000000003490620"
    },
    {
      "type": "SDU",
      "name": "BH154499",
      "x": -73.6117925,
      "y": 40.7829343,
      "uid": "LOC0000000003492109"
    },
    {
      "type": "SDU",
      "name": "BH154575",
      "x": -73.6141887,
      "y": 40.7850427,
      "uid": "LOC0000000003492343"
    },
    {
      "type": "SDU",
      "name": "BH154946",
      "x": -73.6170775,
      "y": 40.7948856,
      "uid": "LOC0000000060141219"
    },
    {
      "type": "SDU",
      "name": "BH155238",
      "x": -73.6135309,
      "y": 40.788903,
      "uid": "LOC0000000060141708"
    },
    {
      "type": "SDU",
      "name": "BH155294",
      "x": -73.6118442,
      "y": 40.7895225,
      "uid": "LOC0000000003494405"
    },
    {
      "type": "SDU",
      "name": "BH156514",
      "x": -73.6170805,
      "y": 40.7912176,
      "uid": "LOC0000000060141506"
    },
    {
      "type": "SDU",
      "name": "BH163948",
      "x": -73.6206369,
      "y": 40.7986312,
      "uid": "LOC0000000060138563"
    },
    {
      "type": "SDU",
      "name": "BH164105",
      "x": -73.618889,
      "y": 40.795888,
      "uid": "LOC0000000060141055"
    },
    {
      "type": "SDU",
      "name": "BH164337",
      "x": -73.6120882,
      "y": 40.7916986,
      "uid": "LOC0000000060139374"
    },
    {
      "type": "SDU",
      "name": "BH164683",
      "x": -73.6133513,
      "y": 40.7882989,
      "uid": "LOC0000000003541247"
    },
    {
      "type": "SDU",
      "name": "BH164743",
      "x": -73.6130326,
      "y": 40.7894724,
      "uid": "LOC0000000003541463"
    },
    {
      "type": "SDU",
      "name": "BH168361",
      "x": -73.616345,
      "y": 40.7918992,
      "uid": "LOC0000000060141425"
    },
    {
      "type": "SDU",
      "name": "BH170142",
      "x": -73.6119071,
      "y": 40.7899562,
      "uid": "LOC0000000003563564"
    },
    {
      "type": "SDU",
      "name": "BH170321",
      "x": -73.6127952,
      "y": 40.7890043,
      "uid": "LOC0000000003564050"
    },
    {
      "type": "SDU",
      "name": "BH170347",
      "x": -73.6078683,
      "y": 40.7874938,
      "uid": "LOC0000000060145909"
    },
    {
      "type": "SDU",
      "name": "BH172301",
      "x": -73.6141569,
      "y": 40.7857598,
      "uid": "LOC0000000003571554"
    },
    {
      "type": "SDU",
      "name": "BH172413",
      "x": -73.6142603,
      "y": 40.7944746,
      "uid": "LOC0000000060141339"
    },
    {
      "type": "SDU",
      "name": "BH172421",
      "x": -73.6178461,
      "y": 40.7931187,
      "uid": "LOC0000000060157753"
    },
    {
      "type": "SDU",
      "name": "BH176176",
      "x": -73.6124573,
      "y": 40.7883815,
      "uid": "LOC0000000003588057"
    },
    {
      "type": "SDU",
      "name": "BH176199",
      "x": -73.6121568,
      "y": 40.7929057,
      "uid": "LOC0000000060139214"
    },
    {
      "type": "SDU",
      "name": "BH176351",
      "x": -73.6123859,
      "y": 40.7840988,
      "uid": "LOC0000000060144081"
    },
    {
      "type": "SDU",
      "name": "BH176439",
      "x": -73.6100968,
      "y": 40.7833682,
      "uid": "LOC0000000003588792"
    },
    {
      "type": "SDU",
      "name": "BH176576",
      "x": -73.6130754,
      "y": 40.7898791,
      "uid": "LOC0000000003589169"
    },
    {
      "type": "SDU",
      "name": "BH176684",
      "x": -73.6077126,
      "y": 40.7865922,
      "uid": "LOC0000000060192451"
    },
    {
      "type": "SDU",
      "name": "BH178398",
      "x": -73.6152953,
      "y": 40.7966875,
      "uid": "LOC0000000003597303"
    },
    {
      "type": "SDU",
      "name": "BH179713",
      "x": -73.6197386,
      "y": 40.7932424,
      "uid": "LOC0000000003603925"
    },
    {
      "type": "SDU",
      "name": "BH180020",
      "x": -73.6178595,
      "y": 40.7917324,
      "uid": "LOC0000000003605273"
    },
    {
      "type": "SDU",
      "name": "BH180638",
      "x": -73.6090694,
      "y": 40.7829303,
      "uid": "LOC0000000060144294"
    },
    {
      "type": "SDU",
      "name": "BH180925",
      "x": -73.6119748,
      "y": 40.7903894,
      "uid": "LOC0000000003609168"
    },
    {
      "type": "SDU",
      "name": "BH182020",
      "x": -73.6194831,
      "y": 40.7944819,
      "uid": "LOC0000000003615227"
    },
    {
      "type": "SDU",
      "name": "BH182603",
      "x": -73.611538,
      "y": 40.7836068,
      "uid": "LOC0000000060144101"
    },
    {
      "type": "SDU",
      "name": "BH182688",
      "x": -73.6139212,
      "y": 40.794041,
      "uid": "LOC0000000060141383"
    },
    {
      "type": "SDU",
      "name": "BH182725",
      "x": -73.6142889,
      "y": 40.786507,
      "uid": "LOC0000000060143837"
    },
    {
      "type": "SDU",
      "name": "BH183431",
      "x": -73.6195026,
      "y": 40.7931164,
      "uid": "LOC0000000003621522"
    },
    {
      "type": "SDU",
      "name": "BH184479",
      "x": -73.6114724,
      "y": 40.7884365,
      "uid": "LOC0000000003627765"
    },
    {
      "type": "SDU",
      "name": "BH184605",
      "x": -73.6120583,
      "y": 40.784591,
      "uid": "LOC0000000060144078"
    },
    {
      "type": "SDU",
      "name": "BH185141",
      "x": -73.6131191,
      "y": 40.7903019,
      "uid": "LOC0000000003629882"
    },
    {
      "type": "SDU",
      "name": "BH185812",
      "x": -73.6192888,
      "y": 40.7929896,
      "uid": "LOC0000000003632668"
    },
    {
      "type": "SDU",
      "name": "BH187296",
      "x": -73.6190283,
      "y": 40.7928266,
      "uid": "LOC0000000003641430"
    },
    {
      "type": "SDU",
      "name": "BH188216",
      "x": -73.6186986,
      "y": 40.7925292,
      "uid": "LOC0000000003646865"
    },
    {
      "type": "SDU",
      "name": "BH189331",
      "x": -73.6143553,
      "y": 40.7869397,
      "uid": "LOC0000000060143803"
    },
    {
      "type": "SDU",
      "name": "BH189586",
      "x": -73.6109514,
      "y": 40.7889612,
      "uid": "LOC0000000003654545"
    },
    {
      "type": "SDU",
      "name": "BH190065",
      "x": -73.6188383,
      "y": 40.7926613,
      "uid": "LOC0000000003656677"
    },
    {
      "type": "SDU",
      "name": "BH190317",
      "x": -73.6120794,
      "y": 40.7908232,
      "uid": "LOC0000000003657774"
    },
    {
      "type": "SDU",
      "name": "BH190321",
      "x": -73.6201881,
      "y": 40.7968406,
      "uid": "LOC0000000060140761"
    },
    {
      "type": "Vault",
      "name": "VT1050",
      "x": -73.6094617,
      "y": 40.7833437,
      "uid": "LOC0000000000220080"
    },
    {
      "type": "Vault",
      "name": "VT1051",
      "x": -73.6091194,
      "y": 40.7884646,
      "uid": "LOC0000000000220081"
    },
    {
      "type": "Vault",
      "name": "VT1052",
      "x": -73.6094276,
      "y": 40.7873531,
      "uid": "LOC0000000000220082"
    },
    {
      "type": "Vault",
      "name": "VT1053",
      "x": -73.6091436,
      "y": 40.7857038,
      "uid": "LOC0000000000220083"
    },
    {
      "type": "Vault",
      "name": "VT1054",
      "x": -73.6114283,
      "y": 40.7843727,
      "uid": "LOC0000000000220084"
    },
    {
      "type": "Vault",
      "name": "VT1087",
      "x": -73.6102182,
      "y": 40.7828524,
      "uid": "LOC0000000000220193"
    },
    {
      "type": "Vault",
      "name": "VT1094",
      "x": -73.6107539,
      "y": 40.7821879,
      "uid": "LOC0000000000220200"
    },
    {
      "type": "Vault",
      "name": "VT1136",
      "x": -73.6079501,
      "y": 40.7868783,
      "uid": "LOC0000000000220360"
    },
    {
      "type": "Vault",
      "name": "VT1480",
      "x": -73.6169615,
      "y": 40.794017,
      "uid": "LOC0000000000221472"
    },
    {
      "type": "Vault",
      "name": "VT1646",
      "x": -73.6103681,
      "y": 40.7840274,
      "uid": "LOC0000000000223507"
    }
  ],
  "routes": [
    {
      "type": "Burried",
      "name": "L-1 >> L-2",
      "locationA": "LOC0000000000054674",
      "locationZ": "LOC0000000000054659",
      "uid": "ROT0000000007518785"
    },
    {
      "type": "Burried",
      "name": "L-11 >> LB880",
      "locationA": "LOC0000000000054651",
      "locationZ": "LOC0000000000205424",
      "uid": "ROT0000000007471475"
    },
    {
      "type": "Burried",
      "name": "L-148 >> NT",
      "locationA": "LOC0000000000197599",
      "locationZ": "LOC0000000000068274",
      "uid": "ROT0000000007389386"
    },
    {
      "type": "Burried",
      "name": "L-4 >> VT1051",
      "locationA": "LOC0000000000058613",
      "locationZ": "LOC0000000000220081",
      "uid": "ROT0000000007497137"
    },
    {
      "type": "Burried",
      "name": "MS988 >> NT",
      "locationA": "LOC0000000000320679",
      "locationZ": "LOC0000000000058451",
      "uid": "ROT0000000007487818"
    },
    {
      "type": "Burried",
      "name": "MS988 >> PD1151",
      "locationA": "LOC0000000000320679",
      "locationZ": "LOC0000000000223405",
      "uid": "ROT0000000007487819"
    },
    {
      "type": "Burried",
      "name": "PD100 >> PD98",
      "locationA": "LOC0000000000209888",
      "locationZ": "LOC0000000000209886",
      "uid": "ROT0000000007294697"
    },
    {
      "type": "Burried",
      "name": "PD1137 >> PD1138",
      "locationA": "LOC0000000000223391",
      "locationZ": "LOC0000000000223392",
      "uid": "ROT0000000007483058"
    },
    {
      "type": "Burried",
      "name": "PD1137 >> PD1139",
      "locationA": "LOC0000000000223391",
      "locationZ": "LOC0000000000223393",
      "uid": "ROT0000000007483059"
    },
    {
      "type": "Burried",
      "name": "PD1137 >> PD1140",
      "locationA": "LOC0000000000223391",
      "locationZ": "LOC0000000000223394",
      "uid": "ROT0000000007483060"
    },
    {
      "type": "Burried",
      "name": "PD1139 >> PD1141",
      "locationA": "LOC0000000000223393",
      "locationZ": "LOC0000000000223395",
      "uid": "ROT0000000007403849"
    },
    {
      "type": "Burried",
      "name": "PD1141 >> PD1210",
      "locationA": "LOC0000000000223395",
      "locationZ": "LOC0000000000224055",
      "uid": "ROT0000000007417496"
    },
    {
      "type": "Burried",
      "name": "PD1142 >> PD1143",
      "locationA": "LOC0000000000223396",
      "locationZ": "LOC0000000000223397",
      "uid": "ROT0000000007442208"
    },
    {
      "type": "Burried",
      "name": "PD1142 >> PD1211",
      "locationA": "LOC0000000000223396",
      "locationZ": "LOC0000000000224056",
      "uid": "ROT0000000007442207"
    },
    {
      "type": "Burried",
      "name": "PD1143 >> PD1137",
      "locationA": "LOC0000000000223397",
      "locationZ": "LOC0000000000223391",
      "uid": "ROT0000000007361818"
    },
    {
      "type": "Burried",
      "name": "PD1143 >> PD98",
      "locationA": "LOC0000000000223397",
      "locationZ": "LOC0000000000209886",
      "uid": "ROT0000000007361817"
    },
    {
      "type": "Burried",
      "name": "PD1144 >> LB2103",
      "locationA": "LOC0000000000223398",
      "locationZ": "LOC0000000000213546",
      "uid": "ROT0000000007495684"
    },
    {
      "type": "Burried",
      "name": "PD1144 >> PD1145",
      "locationA": "LOC0000000000223398",
      "locationZ": "LOC0000000000223399",
      "uid": "ROT0000000007495683"
    },
    {
      "type": "Burried",
      "name": "PD1145 >> PD1146",
      "locationA": "LOC0000000000223399",
      "locationZ": "LOC0000000000223400",
      "uid": "ROT0000000007469580"
    },
    {
      "type": "Burried",
      "name": "PD1145 >> PD1147",
      "locationA": "LOC0000000000223399",
      "locationZ": "LOC0000000000223401",
      "uid": "ROT0000000007469581"
    },
    {
      "type": "Burried",
      "name": "PD1145 >> PD922",
      "locationA": "LOC0000000000223399",
      "locationZ": "LOC0000000000222046",
      "uid": "ROT0000000007469579"
    },
    {
      "type": "Burried",
      "name": "PD1146 >> PD1208",
      "locationA": "LOC0000000000223400",
      "locationZ": "LOC0000000000224041",
      "uid": "ROT0000000007360465"
    },
    {
      "type": "Burried",
      "name": "PD1147 >> PD1149",
      "locationA": "LOC0000000000223401",
      "locationZ": "LOC0000000000223403",
      "uid": "ROT0000000007533196"
    },
    {
      "type": "Burried",
      "name": "PD1148 >> PD1147",
      "locationA": "LOC0000000000223402",
      "locationZ": "LOC0000000000223401",
      "uid": "ROT0000000007478611"
    },
    {
      "type": "Burried",
      "name": "PD1148 >> PD1205",
      "locationA": "LOC0000000000223402",
      "locationZ": "LOC0000000000224038",
      "uid": "ROT0000000007478610"
    },
    {
      "type": "Burried",
      "name": "PD1149 >> PD1150",
      "locationA": "LOC0000000000223403",
      "locationZ": "LOC0000000000223404",
      "uid": "ROT0000000007305567"
    },
    {
      "type": "Burried",
      "name": "PD1151 >> PD1152",
      "locationA": "LOC0000000000223405",
      "locationZ": "LOC0000000000223406",
      "uid": "ROT0000000007409216"
    },
    {
      "type": "Burried",
      "name": "PD1152 >> PD1153",
      "locationA": "LOC0000000000223406",
      "locationZ": "LOC0000000000223407",
      "uid": "ROT0000000007472990"
    },
    {
      "type": "Burried",
      "name": "PD1153 >> PD1150",
      "locationA": "LOC0000000000223407",
      "locationZ": "LOC0000000000223404",
      "uid": "ROT0000000007350016"
    },
    {
      "type": "Burried",
      "name": "PD1153 >> PD1154",
      "locationA": "LOC0000000000223407",
      "locationZ": "LOC0000000000223408",
      "uid": "ROT0000000007350017"
    },
    {
      "type": "Burried",
      "name": "PD1154 >> PD1155",
      "locationA": "LOC0000000000223408",
      "locationZ": "LOC0000000000223409",
      "uid": "ROT0000000007459542"
    },
    {
      "type": "Burried",
      "name": "PD1155 >> PD1156",
      "locationA": "LOC0000000000223409",
      "locationZ": "LOC0000000000223410",
      "uid": "ROT0000000007296141"
    },
    {
      "type": "Burried",
      "name": "PD1155 >> PD1163",
      "locationA": "LOC0000000000223409",
      "locationZ": "LOC0000000000223417",
      "uid": "ROT0000000007296140"
    },
    {
      "type": "Burried",
      "name": "PD1156 >> PD1203",
      "locationA": "LOC0000000000223410",
      "locationZ": "LOC0000000000224036",
      "uid": "ROT0000000007318361"
    },
    {
      "type": "Burried",
      "name": "PD1157 >> PD1158",
      "locationA": "LOC0000000000223411",
      "locationZ": "LOC0000000000223412",
      "uid": "ROT0000000007476479"
    },
    {
      "type": "Burried",
      "name": "PD1157 >> PD1162",
      "locationA": "LOC0000000000223411",
      "locationZ": "LOC0000000000223416",
      "uid": "ROT0000000007476478"
    },
    {
      "type": "Burried",
      "name": "PD1159 >> PD1157",
      "locationA": "LOC0000000000223413",
      "locationZ": "LOC0000000000223411",
      "uid": "ROT0000000007471614"
    },
    {
      "type": "Burried",
      "name": "PD1160 >> PD1158",
      "locationA": "LOC0000000000223414",
      "locationZ": "LOC0000000000223412",
      "uid": "ROT0000000007384816"
    },
    {
      "type": "Burried",
      "name": "PD1160 >> PD1206",
      "locationA": "LOC0000000000223414",
      "locationZ": "LOC0000000000224039",
      "uid": "ROT0000000007384815"
    },
    {
      "type": "Burried",
      "name": "PD1161 >> PD1160",
      "locationA": "LOC0000000000223415",
      "locationZ": "LOC0000000000223414",
      "uid": "ROT0000000007383376"
    },
    {
      "type": "Burried",
      "name": "PD1161 >> PD1207",
      "locationA": "LOC0000000000223415",
      "locationZ": "LOC0000000000224040",
      "uid": "ROT0000000007383377"
    },
    {
      "type": "Burried",
      "name": "PD1163 >> PD1204",
      "locationA": "LOC0000000000223417",
      "locationZ": "LOC0000000000224037",
      "uid": "ROT0000000007294997"
    },
    {
      "type": "Burried",
      "name": "PD1205 >> PD1157",
      "locationA": "LOC0000000000224038",
      "locationZ": "LOC0000000000223411",
      "uid": "ROT0000000007371612"
    },
    {
      "type": "Burried",
      "name": "PD602 >> VT1050",
      "locationA": "LOC0000000000219905",
      "locationZ": "LOC0000000000220080",
      "uid": "ROT0000000007514107"
    },
    {
      "type": "Burried",
      "name": "PD603 >> VT1054",
      "locationA": "LOC0000000000219906",
      "locationZ": "LOC0000000000220084",
      "uid": "ROT0000000007518315"
    },
    {
      "type": "Burried",
      "name": "PD620 >> VT1053",
      "locationA": "LOC0000000000220079",
      "locationZ": "LOC0000000000220083",
      "uid": "ROT0000000007302205"
    },
    {
      "type": "Burried",
      "name": "PD620 >> VT1136",
      "locationA": "LOC0000000000220079",
      "locationZ": "LOC0000000000220360",
      "uid": "ROT0000000007302206"
    },
    {
      "type": "Burried",
      "name": "PD633 >> VT1094",
      "locationA": "LOC0000000000220187",
      "locationZ": "LOC0000000000220200",
      "uid": "ROT0000000007380624"
    },
    {
      "type": "Burried",
      "name": "PD650 >> L-154S",
      "locationA": "LOC0000000000220363",
      "locationZ": "LOC0000000000067595",
      "uid": "ROT0000000007313235"
    },
    {
      "type": "Burried",
      "name": "PD650 >> PD603",
      "locationA": "LOC0000000000220363",
      "locationZ": "LOC0000000000219906",
      "uid": "ROT0000000007313236"
    },
    {
      "type": "Burried",
      "name": "PD98 >> PD1144",
      "locationA": "LOC0000000000209886",
      "locationZ": "LOC0000000000223398",
      "uid": "ROT0000000007355683"
    },
    {
      "type": "Burried",
      "name": "PD98 >> PD99",
      "locationA": "LOC0000000000209886",
      "locationZ": "LOC0000000000209887",
      "uid": "ROT0000000007355682"
    },
    {
      "type": "Burried",
      "name": "T-4 >> PD906",
      "locationA": "LOC0000000000054662",
      "locationZ": "LOC0000000000221919",
      "uid": "ROT0000000007476781"
    },
    {
      "type": "Burried",
      "name": "VT1050 >> VT1087",
      "locationA": "LOC0000000000220080",
      "locationZ": "LOC0000000000220193",
      "uid": "ROT0000000007356835"
    },
    {
      "type": "Burried",
      "name": "VT1052 >> PD620",
      "locationA": "LOC0000000000220082",
      "locationZ": "LOC0000000000220079",
      "uid": "ROT0000000007534617"
    },
    {
      "type": "Burried",
      "name": "VT1053 >> PD602",
      "locationA": "LOC0000000000220083",
      "locationZ": "LOC0000000000219905",
      "uid": "ROT0000000007489766"
    },
    {
      "type": "Burried",
      "name": "VT1054 >> LB21",
      "locationA": "LOC0000000000220084",
      "locationZ": "LOC0000000000203336",
      "uid": "ROT0000000007443651"
    },
    {
      "type": "Burried",
      "name": "VT1054 >> VT1646",
      "locationA": "LOC0000000000220084",
      "locationZ": "LOC0000000000223507",
      "uid": "ROT0000000007443650"
    },
    {
      "type": "Burried",
      "name": "VT1087 >> PD633",
      "locationA": "LOC0000000000220193",
      "locationZ": "LOC0000000000220187",
      "uid": "ROT0000000007478474"
    },
    {
      "type": "Burried",
      "name": "VT1094 >> PD650",
      "locationA": "LOC0000000000220200",
      "locationZ": "LOC0000000000220363",
      "uid": "ROT0000000007352981"
    },
    {
      "type": "Burried",
      "name": "VT1480 >> L-72H",
      "locationA": "LOC0000000000221472",
      "locationZ": "LOC0000000000058463",
      "uid": "ROT0000000007488679"
    },
    {
      "type": "Burried",
      "name": "VT1646 >> LB2300",
      "locationA": "LOC0000000000223507",
      "locationZ": "LOC0000000000214253",
      "uid": "ROT0000000007302154"
    },
    {
      "type": "No Support",
      "name": "L-1 >> L-52.5A",
      "locationA": "LOC0000000000054692",
      "locationZ": "LOC0000000000054484",
      "uid": "ROT0000000007425082"
    },
    {
      "type": "No Support",
      "name": "L-11 >> L-11A",
      "locationA": "LOC0000000000054651",
      "locationZ": "LOC0000000000054482",
      "uid": "ROT0000000007471473"
    },
    {
      "type": "No Support",
      "name": "L-15 >> L-16",
      "locationA": "LOC0000000000054677",
      "locationZ": "LOC0000000000054826",
      "uid": "ROT0000000007428524"
    },
    {
      "type": "No Support",
      "name": "L-2 >> L-2A",
      "locationA": "LOC0000000000058445",
      "locationZ": "LOC0000000000058449",
      "uid": "ROT0000000007424318"
    },
    {
      "type": "No Support",
      "name": "L-3 >> L-3A",
      "locationA": "LOC0000000000058598",
      "locationZ": "LOC0000000000058434",
      "uid": "ROT0000000007414813"
    },
    {
      "type": "No Support",
      "name": "L-5 >> L-5A",
      "locationA": "LOC0000000000054665",
      "locationZ": "LOC0000000000054508",
      "uid": "ROT0000000007383121"
    },
    {
      "type": "No Support",
      "name": "L-5A >> L-5",
      "locationA": "LOC0000000000059810",
      "locationZ": "LOC0000000000058443",
      "uid": "ROT0000000007441366"
    },
    {
      "type": "No Support",
      "name": "L-5A >> L-5B",
      "locationA": "LOC0000000000054508",
      "locationZ": "LOC0000000000054664",
      "uid": "ROT0000000007333784"
    },
    {
      "type": "No Support",
      "name": "L-5B >> L-5C",
      "locationA": "LOC0000000000054664",
      "locationZ": "LOC0000000000054515",
      "uid": "ROT0000000007392233"
    },
    {
      "type": "No Support",
      "name": "L-5C >> L-5D",
      "locationA": "LOC0000000000054515",
      "locationZ": "LOC0000000000054668",
      "uid": "ROT0000000007481017"
    },
    {
      "type": "No Support",
      "name": "L-67S >> L-67",
      "locationA": "LOC0000000000058425",
      "locationZ": "LOC0000000000196091",
      "uid": "ROT0000000007373096"
    },
    {
      "type": "No Support",
      "name": "L-7 >> L-7A",
      "locationA": "LOC0000000000054487",
      "locationZ": "LOC0000000000054496",
      "uid": "ROT0000000007330472"
    },
    {
      "type": "No Support",
      "name": "L-7 >> L-8",
      "locationA": "LOC0000000000058436",
      "locationZ": "LOC0000000000058612",
      "uid": "ROT0000000007456182"
    },
    {
      "type": "No Support",
      "name": "L-7A >> L-7",
      "locationA": "LOC0000000000059800",
      "locationZ": "LOC0000000000058436",
      "uid": "ROT0000000007448486"
    },
    {
      "type": "No Support",
      "name": "L-85S >> L-85",
      "locationA": "LOC0000000000058435",
      "locationZ": "LOC0000000000196240",
      "uid": "ROT0000000007397632"
    },
    {
      "type": "No Support",
      "name": "NT >> T-63",
      "locationA": "LOC0000000000058618",
      "locationZ": "LOC0000000000058609",
      "uid": "ROT0000000007366596"
    },
    {
      "type": "No Support",
      "name": "T-4 >> T-4S",
      "locationA": "LOC0000000000067785",
      "locationZ": "LOC0000000000067765",
      "uid": "ROT0000000007451636"
    },
    {
      "type": "No Support",
      "name": "T-5 >> T-5S",
      "locationA": "LOC0000000000067925",
      "locationZ": "LOC0000000000068108",
      "uid": "ROT0000000007374208"
    },
    {
      "type": "No Support",
      "name": "T-6 >> T-6S",
      "locationA": "LOC0000000000068109",
      "locationZ": "LOC0000000000067921",
      "uid": "ROT0000000007323007"
    },
    {
      "type": "No Support",
      "name": "T-65 >> T-65S",
      "locationA": "LOC0000000000058420",
      "locationZ": "LOC0000000000058615",
      "uid": "ROT0000000007471229"
    },
    {
      "type": "Supported",
      "name": "L-1 >> L-148",
      "locationA": "LOC0000000000054831",
      "locationZ": "LOC0000000000197599",
      "uid": "ROT0000000007342869"
    },
    {
      "type": "Supported",
      "name": "L-1 >> L-152S",
      "locationA": "LOC0000000000054692",
      "locationZ": "LOC0000000000054833",
      "uid": "ROT0000000007425081"
    },
    {
      "type": "Supported",
      "name": "L-1 >> L-2",
      "locationA": "LOC0000000000059808",
      "locationZ": "LOC0000000000058445",
      "uid": "ROT0000000007466250"
    },
    {
      "type": "Supported",
      "name": "L-1 >> L-2",
      "locationA": "LOC0000000000058424",
      "locationZ": "LOC0000000000058437",
      "uid": "ROT0000000007513717"
    },
    {
      "type": "Supported",
      "name": "L-1 >> L-67",
      "locationA": "LOC0000000000196090",
      "locationZ": "LOC0000000000196091",
      "uid": "ROT0000000007525533"
    },
    {
      "type": "Supported",
      "name": "L-1 >> T-23",
      "locationA": "LOC0000000000058287",
      "locationZ": "LOC0000000000059812",
      "uid": "ROT0000000007334092"
    },
    {
      "type": "Supported",
      "name": "L-10 >> L-11",
      "locationA": "LOC0000000000054650",
      "locationZ": "LOC0000000000054509",
      "uid": "ROT0000000007320201"
    },
    {
      "type": "Supported",
      "name": "L-10 >> NT",
      "locationA": "LOC0000000000054490",
      "locationZ": "LOC0000000000054679",
      "uid": "ROT0000000007439503"
    },
    {
      "type": "Supported",
      "name": "L-11 >> L-10",
      "locationA": "LOC0000000000054651",
      "locationZ": "LOC0000000000054490",
      "uid": "ROT0000000007471474"
    },
    {
      "type": "Supported",
      "name": "L-11 >> L-12",
      "locationA": "LOC0000000000054509",
      "locationZ": "LOC0000000000054495",
      "uid": "ROT0000000007460578"
    },
    {
      "type": "Supported",
      "name": "L-12 >> L-13",
      "locationA": "LOC0000000000054495",
      "locationZ": "LOC0000000000054827",
      "uid": "ROT0000000007303767"
    },
    {
      "type": "Supported",
      "name": "L-13 >> L-14",
      "locationA": "LOC0000000000054827",
      "locationZ": "LOC0000000000054835",
      "uid": "ROT0000000007307896"
    },
    {
      "type": "Supported",
      "name": "L-13 >> NT",
      "locationA": "LOC0000000000054657",
      "locationZ": "LOC0000000000054499",
      "uid": "ROT0000000007324090"
    },
    {
      "type": "Supported",
      "name": "L-14 >> L-13",
      "locationA": "LOC0000000000054828",
      "locationZ": "LOC0000000000054657",
      "uid": "ROT0000000007491079"
    },
    {
      "type": "Supported",
      "name": "L-14 >> L-14A",
      "locationA": "LOC0000000000054828",
      "locationZ": "LOC0000000000054661",
      "uid": "ROT0000000007491081"
    },
    {
      "type": "Supported",
      "name": "L-14 >> L-14A",
      "locationA": "LOC0000000000054828",
      "locationZ": "LOC0000000000054507",
      "uid": "ROT0000000007491080"
    },
    {
      "type": "Supported",
      "name": "L-14 >> L-15",
      "locationA": "LOC0000000000054835",
      "locationZ": "LOC0000000000054677",
      "uid": "ROT0000000007345194"
    },
    {
      "type": "Supported",
      "name": "L-145 >> L-144",
      "locationA": "LOC0000000000197602",
      "locationZ": "LOC0000000000197603",
      "uid": "ROT0000000007445345"
    },
    {
      "type": "Supported",
      "name": "L-146 >> L-145",
      "locationA": "LOC0000000000197601",
      "locationZ": "LOC0000000000197602",
      "uid": "ROT0000000007410070"
    },
    {
      "type": "Supported",
      "name": "L-147 >> L-146",
      "locationA": "LOC0000000000197600",
      "locationZ": "LOC0000000000197601",
      "uid": "ROT0000000007520520"
    },
    {
      "type": "Supported",
      "name": "L-148 >> L-147",
      "locationA": "LOC0000000000197599",
      "locationZ": "LOC0000000000197600",
      "uid": "ROT0000000007389387"
    },
    {
      "type": "Supported",
      "name": "L-149 >> L-148",
      "locationA": "LOC0000000000197598",
      "locationZ": "LOC0000000000197599",
      "uid": "ROT0000000007295113"
    },
    {
      "type": "Supported",
      "name": "L-149 >> T-150",
      "locationA": "LOC0000000000197598",
      "locationZ": "LOC0000000000197621",
      "uid": "ROT0000000007295112"
    },
    {
      "type": "Supported",
      "name": "L-14A >> L-14B",
      "locationA": "LOC0000000000054661",
      "locationZ": "LOC0000000000054513",
      "uid": "ROT0000000007405716"
    },
    {
      "type": "Supported",
      "name": "L-14A >> L-14B",
      "locationA": "LOC0000000000054507",
      "locationZ": "LOC0000000000054829",
      "uid": "ROT0000000007386880"
    },
    {
      "type": "Supported",
      "name": "L-14B >> L-14C",
      "locationA": "LOC0000000000054513",
      "locationZ": "LOC0000000000054840",
      "uid": "ROT0000000007489505"
    },
    {
      "type": "Supported",
      "name": "L-14C >> L-14D",
      "locationA": "LOC0000000000054840",
      "locationZ": "LOC0000000000054488",
      "uid": "ROT0000000007366824"
    },
    {
      "type": "Supported",
      "name": "L-154 >> L-154S",
      "locationA": "LOC0000000000197625",
      "locationZ": "LOC0000000000067595",
      "uid": "ROT0000000007516495"
    },
    {
      "type": "Supported",
      "name": "L-154 >> T-155",
      "locationA": "LOC0000000000197625",
      "locationZ": "LOC0000000000195546",
      "uid": "ROT0000000007516496"
    },
    {
      "type": "Supported",
      "name": "L-159 >> L-160",
      "locationA": "LOC0000000000197593",
      "locationZ": "LOC0000000000197594",
      "uid": "ROT0000000007457354"
    },
    {
      "type": "Supported",
      "name": "L-159 >> L158",
      "locationA": "LOC0000000000197593",
      "locationZ": "LOC0000000000197597",
      "uid": "ROT0000000007457353"
    },
    {
      "type": "Supported",
      "name": "L-160 >> L-161",
      "locationA": "LOC0000000000197594",
      "locationZ": "LOC0000000000197595",
      "uid": "ROT0000000007492510"
    },
    {
      "type": "Supported",
      "name": "L-161 >> L-162",
      "locationA": "LOC0000000000197595",
      "locationZ": "LOC0000000000197596",
      "uid": "ROT0000000007372042"
    },
    {
      "type": "Supported",
      "name": "L-162 >> L-163",
      "locationA": "LOC0000000000197596",
      "locationZ": "LOC0000000000195549",
      "uid": "ROT0000000007352876"
    },
    {
      "type": "Supported",
      "name": "L-18 >> NT",
      "locationA": "LOC0000000000054510",
      "locationZ": "LOC0000000000054518",
      "uid": "ROT0000000007402009"
    },
    {
      "type": "Supported",
      "name": "L-2 >> L-3",
      "locationA": "LOC0000000000058445",
      "locationZ": "LOC0000000000058598",
      "uid": "ROT0000000007424317"
    },
    {
      "type": "Supported",
      "name": "L-2 >> L-3",
      "locationA": "LOC0000000000054659",
      "locationZ": "LOC0000000000054839",
      "uid": "ROT0000000007423265"
    },
    {
      "type": "Supported",
      "name": "L-2 >> L-3",
      "locationA": "LOC0000000000058437",
      "locationZ": "LOC0000000000058456",
      "uid": "ROT0000000007390522"
    },
    {
      "type": "Supported",
      "name": "L-20 >> L-1",
      "locationA": "LOC0000000000058454",
      "locationZ": "LOC0000000000058424",
      "uid": "ROT0000000007408668"
    },
    {
      "type": "Supported",
      "name": "L-20 >> NT",
      "locationA": "LOC0000000000058454",
      "locationZ": "LOC0000000000054489",
      "uid": "ROT0000000007408669"
    },
    {
      "type": "Supported",
      "name": "L-21 >> L-20",
      "locationA": "LOC0000000000058596",
      "locationZ": "LOC0000000000058454",
      "uid": "ROT0000000007399279"
    },
    {
      "type": "Supported",
      "name": "L-3 >> L-4",
      "locationA": "LOC0000000000058598",
      "locationZ": "LOC0000000000058613",
      "uid": "ROT0000000007414814"
    },
    {
      "type": "Supported",
      "name": "L-3 >> T-2",
      "locationA": "LOC0000000000054517",
      "locationZ": "LOC0000000000054504",
      "uid": "ROT0000000007348004"
    },
    {
      "type": "Supported",
      "name": "L-3 >> T-2",
      "locationA": "LOC0000000000054669",
      "locationZ": "LOC0000000000054685",
      "uid": "ROT0000000007318706"
    },
    {
      "type": "Supported",
      "name": "L-4 >> L-3",
      "locationA": "LOC0000000000054498",
      "locationZ": "LOC0000000000054839",
      "uid": "ROT0000000007411068"
    },
    {
      "type": "Supported",
      "name": "L-4 >> L-3",
      "locationA": "LOC0000000000054655",
      "locationZ": "LOC0000000000054517",
      "uid": "ROT0000000007390241"
    },
    {
      "type": "Supported",
      "name": "L-4 >> L-4A",
      "locationA": "LOC0000000000058613",
      "locationZ": "LOC0000000000058446",
      "uid": "ROT0000000007497138"
    },
    {
      "type": "Supported",
      "name": "L-5 >> L-3",
      "locationA": "LOC0000000000058443",
      "locationZ": "LOC0000000000058456",
      "uid": "ROT0000000007447380"
    },
    {
      "type": "Supported",
      "name": "L-5 >> L-4",
      "locationA": "LOC0000000000054678",
      "locationZ": "LOC0000000000054498",
      "uid": "ROT0000000007351750"
    },
    {
      "type": "Supported",
      "name": "L-5 >> L-4",
      "locationA": "LOC0000000000054665",
      "locationZ": "LOC0000000000054655",
      "uid": "ROT0000000007383122"
    },
    {
      "type": "Supported",
      "name": "L-5 >> L-5A",
      "locationA": "LOC0000000000054678",
      "locationZ": "LOC0000000000054830",
      "uid": "ROT0000000007351749"
    },
    {
      "type": "Supported",
      "name": "L-5 >> L-6",
      "locationA": "LOC0000000000054665",
      "locationZ": "LOC0000000000054681",
      "uid": "ROT0000000007383123"
    },
    {
      "type": "Supported",
      "name": "L-5A >> L-5B",
      "locationA": "LOC0000000000054830",
      "locationZ": "LOC0000000000054834",
      "uid": "ROT0000000007357647"
    },
    {
      "type": "Supported",
      "name": "L-5B >> L-5C",
      "locationA": "LOC0000000000054834",
      "locationZ": "LOC0000000000054503",
      "uid": "ROT0000000007321201"
    },
    {
      "type": "Supported",
      "name": "L-6 >> L-5",
      "locationA": "LOC0000000000054514",
      "locationZ": "LOC0000000000054678",
      "uid": "ROT0000000007420807"
    },
    {
      "type": "Supported",
      "name": "L-6 >> L-5",
      "locationA": "LOC0000000000059803",
      "locationZ": "LOC0000000000058443",
      "uid": "ROT0000000007441816"
    },
    {
      "type": "Supported",
      "name": "L-6 >> L-7",
      "locationA": "LOC0000000000054681",
      "locationZ": "LOC0000000000054841",
      "uid": "ROT0000000007510040"
    },
    {
      "type": "Supported",
      "name": "L-67 >> L-68",
      "locationA": "LOC0000000000196091",
      "locationZ": "LOC0000000000196092",
      "uid": "ROT0000000007496154"
    },
    {
      "type": "Supported",
      "name": "L-68 >> L-69",
      "locationA": "LOC0000000000196092",
      "locationZ": "LOC0000000000196093",
      "uid": "ROT0000000007497115"
    },
    {
      "type": "Supported",
      "name": "L-69 >> L-70",
      "locationA": "LOC0000000000196093",
      "locationZ": "LOC0000000000196094",
      "uid": "ROT0000000007404841"
    },
    {
      "type": "Supported",
      "name": "L-7 >> L-6",
      "locationA": "LOC0000000000054690",
      "locationZ": "LOC0000000000054514",
      "uid": "ROT0000000007409312"
    },
    {
      "type": "Supported",
      "name": "L-7 >> L-6",
      "locationA": "LOC0000000000058436",
      "locationZ": "LOC0000000000059803",
      "uid": "ROT0000000007456181"
    },
    {
      "type": "Supported",
      "name": "L-7 >> L-8",
      "locationA": "LOC0000000000054841",
      "locationZ": "LOC0000000000054516",
      "uid": "ROT0000000007325322"
    },
    {
      "type": "Supported",
      "name": "L-7 >> T-6",
      "locationA": "LOC0000000000054487",
      "locationZ": "LOC0000000000054506",
      "uid": "ROT0000000007330471"
    },
    {
      "type": "Supported",
      "name": "L-70 >> L-71",
      "locationA": "LOC0000000000196094",
      "locationZ": "LOC0000000000196095",
      "uid": "ROT0000000007502178"
    },
    {
      "type": "Supported",
      "name": "L-71 >> L-72",
      "locationA": "LOC0000000000196095",
      "locationZ": "LOC0000000000196096",
      "uid": "ROT0000000007354408"
    },
    {
      "type": "Supported",
      "name": "L-72 >> L-72A",
      "locationA": "LOC0000000000196096",
      "locationZ": "LOC0000000000058461",
      "uid": "ROT0000000007531910"
    },
    {
      "type": "Supported",
      "name": "L-72 >> L-73",
      "locationA": "LOC0000000000196096",
      "locationZ": "LOC0000000000196097",
      "uid": "ROT0000000007531909"
    },
    {
      "type": "Supported",
      "name": "L-72B >> L-72A",
      "locationA": "LOC0000000000058605",
      "locationZ": "LOC0000000000058461",
      "uid": "ROT0000000007492892"
    },
    {
      "type": "Supported",
      "name": "L-72C >> L-72B",
      "locationA": "LOC0000000000058597",
      "locationZ": "LOC0000000000058605",
      "uid": "ROT0000000007391791"
    },
    {
      "type": "Supported",
      "name": "L-72D >> L-72C",
      "locationA": "LOC0000000000058623",
      "locationZ": "LOC0000000000058597",
      "uid": "ROT0000000007429168"
    },
    {
      "type": "Supported",
      "name": "L-72E >> L-72D",
      "locationA": "LOC0000000000058423",
      "locationZ": "LOC0000000000058623",
      "uid": "ROT0000000007444740"
    },
    {
      "type": "Supported",
      "name": "L-72F >> L-72E",
      "locationA": "LOC0000000000058438",
      "locationZ": "LOC0000000000058423",
      "uid": "ROT0000000007528154"
    },
    {
      "type": "Supported",
      "name": "L-72G >> L-72F",
      "locationA": "LOC0000000000059805",
      "locationZ": "LOC0000000000058438",
      "uid": "ROT0000000007420903"
    },
    {
      "type": "Supported",
      "name": "L-72H >> L-72G",
      "locationA": "LOC0000000000058463",
      "locationZ": "LOC0000000000059805",
      "uid": "ROT0000000007380903"
    },
    {
      "type": "Supported",
      "name": "L-72H >> L-72J",
      "locationA": "LOC0000000000058463",
      "locationZ": "LOC0000000000058432",
      "uid": "ROT0000000007380902"
    },
    {
      "type": "Supported",
      "name": "L-72K >> L-72J",
      "locationA": "LOC0000000000059944",
      "locationZ": "LOC0000000000058432",
      "uid": "ROT0000000007301069"
    },
    {
      "type": "Supported",
      "name": "L-73 >> L-74",
      "locationA": "LOC0000000000196097",
      "locationZ": "LOC0000000000196098",
      "uid": "ROT0000000007471541"
    },
    {
      "type": "Supported",
      "name": "L-74 >> L-75",
      "locationA": "LOC0000000000196098",
      "locationZ": "LOC0000000000196099",
      "uid": "ROT0000000007436290"
    },
    {
      "type": "Supported",
      "name": "L-75 >> NT",
      "locationA": "LOC0000000000196099",
      "locationZ": "LOC0000000000196100",
      "uid": "ROT0000000007397867"
    },
    {
      "type": "Supported",
      "name": "L-77 >> T-78",
      "locationA": "LOC0000000000196232",
      "locationZ": "LOC0000000000196233",
      "uid": "ROT0000000007309316"
    },
    {
      "type": "Supported",
      "name": "L-79 >> L-80",
      "locationA": "LOC0000000000196234",
      "locationZ": "LOC0000000000196235",
      "uid": "ROT0000000007344412"
    },
    {
      "type": "Supported",
      "name": "L-79X >> L-1",
      "locationA": "LOC0000000000058614",
      "locationZ": "LOC0000000000058287",
      "uid": "ROT0000000007296146"
    },
    {
      "type": "Supported",
      "name": "L-7A >> L-7",
      "locationA": "LOC0000000000054672",
      "locationZ": "LOC0000000000054690",
      "uid": "ROT0000000007329689"
    },
    {
      "type": "Supported",
      "name": "L-8 >> L-7",
      "locationA": "LOC0000000000054687",
      "locationZ": "LOC0000000000054487",
      "uid": "ROT0000000007450444"
    },
    {
      "type": "Supported",
      "name": "L-8 >> L-9",
      "locationA": "LOC0000000000054516",
      "locationZ": "LOC0000000000054491",
      "uid": "ROT0000000007460904"
    },
    {
      "type": "Supported",
      "name": "L-80 >> T-81",
      "locationA": "LOC0000000000196235",
      "locationZ": "LOC0000000000196236",
      "uid": "ROT0000000007473634"
    },
    {
      "type": "Supported",
      "name": "L-84 >> L-85",
      "locationA": "LOC0000000000196239",
      "locationZ": "LOC0000000000196240",
      "uid": "ROT0000000007320198"
    },
    {
      "type": "Supported",
      "name": "L-85 >> L-1",
      "locationA": "LOC0000000000196240",
      "locationZ": "LOC0000000000059808",
      "uid": "ROT0000000007336924"
    },
    {
      "type": "Supported",
      "name": "L-85 >> L-86",
      "locationA": "LOC0000000000196240",
      "locationZ": "LOC0000000000196241",
      "uid": "ROT0000000007336923"
    },
    {
      "type": "Supported",
      "name": "L-9 >> L-10",
      "locationA": "LOC0000000000054491",
      "locationZ": "LOC0000000000054650",
      "uid": "ROT0000000007420212"
    },
    {
      "type": "Supported",
      "name": "L158 >> T-157",
      "locationA": "LOC0000000000197597",
      "locationZ": "LOC0000000000195548",
      "uid": "ROT0000000007433837"
    },
    {
      "type": "Supported",
      "name": "NT >> L-1",
      "locationA": "LOC0000000000054492",
      "locationZ": "LOC0000000000054674",
      "uid": "ROT0000000007466942"
    },
    {
      "type": "Supported",
      "name": "NT >> L-11",
      "locationA": "LOC0000000000054499",
      "locationZ": "LOC0000000000054651",
      "uid": "ROT0000000007370465"
    },
    {
      "type": "Supported",
      "name": "NT >> L-14",
      "locationA": "LOC0000000000054832",
      "locationZ": "LOC0000000000054828",
      "uid": "ROT0000000007308911"
    },
    {
      "type": "Supported",
      "name": "NT >> L-18",
      "locationA": "LOC0000000000054489",
      "locationZ": "LOC0000000000054510",
      "uid": "ROT0000000007530448"
    },
    {
      "type": "Supported",
      "name": "NT >> L-77",
      "locationA": "LOC0000000000196100",
      "locationZ": "LOC0000000000196232",
      "uid": "ROT0000000007329679"
    },
    {
      "type": "Supported",
      "name": "NT >> L-8",
      "locationA": "LOC0000000000054679",
      "locationZ": "LOC0000000000054687",
      "uid": "ROT0000000007492898"
    },
    {
      "type": "Supported",
      "name": "NT >> NT",
      "locationA": "LOC0000000000054518",
      "locationZ": "LOC0000000000054492",
      "uid": "ROT0000000007463532"
    },
    {
      "type": "Supported",
      "name": "NT >> NT",
      "locationA": "LOC0000000000054492",
      "locationZ": "LOC0000000000054832",
      "uid": "ROT0000000007466941"
    },
    {
      "type": "Supported",
      "name": "T-150 >> T-151",
      "locationA": "LOC0000000000197621",
      "locationZ": "LOC0000000000197622",
      "uid": "ROT0000000007365614"
    },
    {
      "type": "Supported",
      "name": "T-151 >> T-152",
      "locationA": "LOC0000000000197622",
      "locationZ": "LOC0000000000197623",
      "uid": "ROT0000000007312591"
    },
    {
      "type": "Supported",
      "name": "T-152 >> L-152S",
      "locationA": "LOC0000000000197623",
      "locationZ": "LOC0000000000054833",
      "uid": "ROT0000000007387933"
    },
    {
      "type": "Supported",
      "name": "T-152 >> T-153",
      "locationA": "LOC0000000000197623",
      "locationZ": "LOC0000000000197624",
      "uid": "ROT0000000007387934"
    },
    {
      "type": "Supported",
      "name": "T-153 >> L-154",
      "locationA": "LOC0000000000197624",
      "locationZ": "LOC0000000000197625",
      "uid": "ROT0000000007517499"
    },
    {
      "type": "Supported",
      "name": "T-155 >> T-156",
      "locationA": "LOC0000000000195546",
      "locationZ": "LOC0000000000195547",
      "uid": "ROT0000000007426585"
    },
    {
      "type": "Supported",
      "name": "T-156 >> T-157",
      "locationA": "LOC0000000000195547",
      "locationZ": "LOC0000000000195548",
      "uid": "ROT0000000007468399"
    },
    {
      "type": "Supported",
      "name": "T-2 >> L-1",
      "locationA": "LOC0000000000054504",
      "locationZ": "LOC0000000000054692",
      "uid": "ROT0000000007321112"
    },
    {
      "type": "Supported",
      "name": "T-2 >> L-1",
      "locationA": "LOC0000000000054685",
      "locationZ": "LOC0000000000054831",
      "uid": "ROT0000000007375765"
    },
    {
      "type": "Supported",
      "name": "T-22 >> L-21",
      "locationA": "LOC0000000000058444",
      "locationZ": "LOC0000000000058596",
      "uid": "ROT0000000007517966"
    },
    {
      "type": "Supported",
      "name": "T-23 >> T-22",
      "locationA": "LOC0000000000059812",
      "locationZ": "LOC0000000000058444",
      "uid": "ROT0000000007406524"
    },
    {
      "type": "Supported",
      "name": "T-4 >> L-3",
      "locationA": "LOC0000000000054662",
      "locationZ": "LOC0000000000054669",
      "uid": "ROT0000000007476780"
    },
    {
      "type": "Supported",
      "name": "T-6 >> T-4",
      "locationA": "LOC0000000000054506",
      "locationZ": "LOC0000000000054662",
      "uid": "ROT0000000007455509"
    },
    {
      "type": "Supported",
      "name": "T-63 >> T-64",
      "locationA": "LOC0000000000058609",
      "locationZ": "LOC0000000000058617",
      "uid": "ROT0000000007297767"
    },
    {
      "type": "Supported",
      "name": "T-64 >> T-65",
      "locationA": "LOC0000000000058617",
      "locationZ": "LOC0000000000058420",
      "uid": "ROT0000000007301282"
    },
    {
      "type": "Supported",
      "name": "T-65 >> T-66",
      "locationA": "LOC0000000000058420",
      "locationZ": "LOC0000000000058426",
      "uid": "ROT0000000007471228"
    },
    {
      "type": "Supported",
      "name": "T-66 >> L-67",
      "locationA": "LOC0000000000058426",
      "locationZ": "LOC0000000000196091",
      "uid": "ROT0000000007358482"
    },
    {
      "type": "Supported",
      "name": "T-78 >> L-79",
      "locationA": "LOC0000000000196233",
      "locationZ": "LOC0000000000196234",
      "uid": "ROT0000000007473285"
    },
    {
      "type": "Supported",
      "name": "T-78 >> L-79X",
      "locationA": "LOC0000000000196233",
      "locationZ": "LOC0000000000058614",
      "uid": "ROT0000000007473284"
    },
    {
      "type": "Supported",
      "name": "T-78 >> NT",
      "locationA": "LOC0000000000196233",
      "locationZ": "LOC0000000000058451",
      "uid": "ROT0000000007473286"
    },
    {
      "type": "Supported",
      "name": "T-81 >> T-82",
      "locationA": "LOC0000000000196236",
      "locationZ": "LOC0000000000196237",
      "uid": "ROT0000000007451425"
    },
    {
      "type": "Supported",
      "name": "T-82 >> T-83",
      "locationA": "LOC0000000000196237",
      "locationZ": "LOC0000000000196238",
      "uid": "ROT0000000007336837"
    },
    {
      "type": "Supported",
      "name": "T-83 >> L-84",
      "locationA": "LOC0000000000196238",
      "locationZ": "LOC0000000000196239",
      "uid": "ROT0000000007410279"
    }
  ]
}