{
  "startEquipment": {
    "name": "NY10DG109",
    "locationUID": "LOC0000000000196241",
    "x": -73.6108809,
    "y": 40.7908477
  },
  "cell": {
    "name": "NY10DG109",
    "vertices": [
      -73.6075778,
      40.789767,
      -73.6064422,
      40.7899566,
      -73.6067674,
      40.7909532,
      -73.6070423,
      40.7911674,
      -73.6048214,
      40.7925422,
      -73.6043681,
      40.792262,
      -73.6017932,
      40.7909623,
      -73.6005057,
      40.7901744,
      -73.599913,
      40.789888,
      -73.5986979,
      40.7907958,
      -73.5974829,
      40.7916771,
      -73.5984243,
      40.792331,
      -73.5996045,
      40.7929767,
      -73.5985316,
      40.800514,
      -73.5967614,
      40.8018338,
      -73.5975902,
      40.8035291,
      -73.5972817,
      40.8048914,
      -73.5974587,
      40.8058416,
      -73.5986818,
      40.8074333,
      -73.6033596,
      40.8072871,
      -73.6055912,
      40.8069623,
      -73.6036171,
      40.8037301,
      -73.6046041,
      40.8021383,
      -73.609475,
      40.8024469,
      -73.6102904,
      40.802317,
      -73.611256,
      40.8017485,
      -73.6118354,
      40.802382,
      -73.612286,
      40.8023332,
      -73.613037,
      40.8025931,
      -73.613788,
      40.8019272,
      -73.6143459,
      40.8010663,
      -73.6147107,
      40.8006765,
      -73.6150111,
      40.8001729,
      -73.6141743,
      40.7984511,
      -73.6126508,
      40.7964369,
      -73.611535,
      40.7935453,
      -73.6113955,
      40.7924651,
      -73.6111756,
      40.7908283,
      -73.6095394,
      40.7898414,
      -73.6074535,
      40.7886832,
      -73.6075778,
      40.789767
    ]
  },
  "locations": [
    {
      "type": "Building Attachment",
      "name": "BA129",
      "x": -73.6080441,
      "y": 40.8015092,
      "uid": "LOC0000000000003408"
    },
    {
      "type": "Joint Pole",
      "name": "L-1",
      "x": -73.610908,
      "y": 40.7910416,
      "uid": "LOC0000000000196596"
    },
    {
      "type": "Joint Pole",
      "name": "L-1",
      "x": -73.6075664,
      "y": 40.790895,
      "uid": "LOC0000000000059834"
    },
    {
      "type": "Joint Pole",
      "name": "L-10",
      "x": -73.6114747,
      "y": 40.7937578,
      "uid": "LOC0000000000196250"
    },
    {
      "type": "Joint Pole",
      "name": "L-10",
      "x": -73.6026745,
      "y": 40.7957543,
      "uid": "LOC0000000000059150"
    },
    {
      "type": "Joint Pole",
      "name": "L-11",
      "x": -73.6115359,
      "y": 40.794029,
      "uid": "LOC0000000000044930"
    },
    {
      "type": "Joint Pole",
      "name": "L-11",
      "x": -73.602658,
      "y": 40.796258,
      "uid": "LOC0000000000059146"
    },
    {
      "type": "Joint Pole",
      "name": "L-12",
      "x": -73.6016888,
      "y": 40.7926304,
      "uid": "LOC0000000000059297"
    },
    {
      "type": "Joint Pole",
      "name": "L-12",
      "x": -73.6116041,
      "y": 40.7943569,
      "uid": "LOC0000000000196251"
    },
    {
      "type": "Joint Pole",
      "name": "L-12",
      "x": -73.6026413,
      "y": 40.7967696,
      "uid": "LOC0000000000059144"
    },
    {
      "type": "Joint Pole",
      "name": "L-13",
      "x": -73.6026253,
      "y": 40.797284,
      "uid": "LOC0000000000059143"
    },
    {
      "type": "Joint Pole",
      "name": "L-13",
      "x": -73.6020541,
      "y": 40.7929204,
      "uid": "LOC0000000000059304"
    },
    {
      "type": "Joint Pole",
      "name": "L-13S",
      "x": -73.6023298,
      "y": 40.792744,
      "uid": "LOC0000000000059664"
    },
    {
      "type": "Joint Pole",
      "name": "L-14",
      "x": -73.6026725,
      "y": 40.7979018,
      "uid": "LOC0000000000059140"
    },
    {
      "type": "Joint Pole",
      "name": "L-14",
      "x": -73.6022633,
      "y": 40.7930691,
      "uid": "LOC0000000000059675"
    },
    {
      "type": "Joint Pole",
      "name": "L-15",
      "x": -73.6026576,
      "y": 40.7984678,
      "uid": "LOC0000000000059148"
    },
    {
      "type": "Joint Pole",
      "name": "L-15A",
      "x": -73.6029632,
      "y": 40.7930048,
      "uid": "LOC0000000000059292"
    },
    {
      "type": "Joint Pole",
      "name": "L-16",
      "x": -73.6026418,
      "y": 40.7988787,
      "uid": "LOC0000000000059138"
    },
    {
      "type": "Joint Pole",
      "name": "L-16",
      "x": -73.602983,
      "y": 40.7935836,
      "uid": "LOC0000000000059667"
    },
    {
      "type": "Joint Pole",
      "name": "L-17",
      "x": -73.6026263,
      "y": 40.7993661,
      "uid": "LOC0000000000059149"
    },
    {
      "type": "Joint Pole",
      "name": "L-18",
      "x": -73.6023024,
      "y": 40.7998059,
      "uid": "LOC0000000000059137"
    },
    {
      "type": "Joint Pole",
      "name": "L-18",
      "x": -73.603828,
      "y": 40.7942031,
      "uid": "LOC0000000000059302"
    },
    {
      "type": "Joint Pole",
      "name": "L-19",
      "x": -73.602403,
      "y": 40.800254,
      "uid": "LOC0000000000059141"
    },
    {
      "type": "Joint Pole",
      "name": "L-2",
      "x": -73.6013322,
      "y": 40.7934022,
      "uid": "LOC0000000000059840"
    },
    {
      "type": "Joint Pole",
      "name": "L-2",
      "x": -73.6109738,
      "y": 40.7913176,
      "uid": "LOC0000000000196242"
    },
    {
      "type": "Joint Pole",
      "name": "L-2",
      "x": -73.6071519,
      "y": 40.791228,
      "uid": "LOC0000000000059666"
    },
    {
      "type": "Joint Pole",
      "name": "L-20",
      "x": -73.6029443,
      "y": 40.8005646,
      "uid": "LOC0000000000145832"
    },
    {
      "type": "Joint Pole",
      "name": "L-21",
      "x": -73.6033699,
      "y": 40.8007436,
      "uid": "LOC0000000000145831"
    },
    {
      "type": "Joint Pole",
      "name": "L-22",
      "x": -73.6031884,
      "y": 40.8007813,
      "uid": "LOC0000000000145830"
    },
    {
      "type": "Joint Pole",
      "name": "L-25",
      "x": -73.6036689,
      "y": 40.8019152,
      "uid": "LOC0000000000145826"
    },
    {
      "type": "Joint Pole",
      "name": "L-26",
      "x": -73.6030415,
      "y": 40.8021791,
      "uid": "LOC0000000000145833"
    },
    {
      "type": "Joint Pole",
      "name": "L-27",
      "x": -73.6018308,
      "y": 40.8023036,
      "uid": "LOC0000000000145834"
    },
    {
      "type": "Joint Pole",
      "name": "L-29",
      "x": -73.600795,
      "y": 40.8027915,
      "uid": "LOC0000000000145836"
    },
    {
      "type": "Joint Pole",
      "name": "L-2A",
      "x": -73.6067836,
      "y": 40.7915414,
      "uid": "LOC0000000000059836"
    },
    {
      "type": "Joint Pole",
      "name": "L-2B",
      "x": -73.6064543,
      "y": 40.7918376,
      "uid": "LOC0000000000059312"
    },
    {
      "type": "Joint Pole",
      "name": "L-2C",
      "x": -73.6061055,
      "y": 40.7921788,
      "uid": "LOC0000000000059658"
    },
    {
      "type": "Joint Pole",
      "name": "L-2E",
      "x": -73.6055625,
      "y": 40.7928495,
      "uid": "LOC0000000000059316"
    },
    {
      "type": "Joint Pole",
      "name": "L-3",
      "x": -73.6110384,
      "y": 40.7916567,
      "uid": "LOC0000000000196243"
    },
    {
      "type": "Joint Pole",
      "name": "L-3",
      "x": -73.600944,
      "y": 40.7936585,
      "uid": "LOC0000000000059311"
    },
    {
      "type": "Joint Pole",
      "name": "L-3",
      "x": -73.6068097,
      "y": 40.7903742,
      "uid": "LOC0000000000059849"
    },
    {
      "type": "Joint Pole",
      "name": "L-30",
      "x": -73.6004705,
      "y": 40.8029091,
      "uid": "LOC0000000000147464"
    },
    {
      "type": "Joint Pole",
      "name": "L-30.5",
      "x": -73.6002601,
      "y": 40.8029898,
      "uid": "LOC0000000000081345"
    },
    {
      "type": "Joint Pole",
      "name": "L-31",
      "x": -73.6000005,
      "y": 40.8030896,
      "uid": "LOC0000000000147465"
    },
    {
      "type": "Joint Pole",
      "name": "L-4",
      "x": -73.5987803,
      "y": 40.7908879,
      "uid": "LOC0000000000059663"
    },
    {
      "type": "Joint Pole",
      "name": "L-4",
      "x": -73.6066358,
      "y": 40.7904379,
      "uid": "LOC0000000000059987"
    },
    {
      "type": "Joint Pole",
      "name": "L-4",
      "x": -73.6011319,
      "y": 40.7938296,
      "uid": "LOC0000000000059659"
    },
    {
      "type": "Joint Pole",
      "name": "L-4",
      "x": -73.6110986,
      "y": 40.7919782,
      "uid": "LOC0000000000196244"
    },
    {
      "type": "Joint Pole",
      "name": "L-5",
      "x": -73.6111683,
      "y": 40.7923069,
      "uid": "LOC0000000000196245"
    },
    {
      "type": "Joint Pole",
      "name": "L-5",
      "x": -73.6014508,
      "y": 40.7941188,
      "uid": "LOC0000000000059680"
    },
    {
      "type": "Joint Pole",
      "name": "L-5A",
      "x": -73.5989541,
      "y": 40.7913642,
      "uid": "LOC0000000000059845"
    },
    {
      "type": "Joint Pole",
      "name": "L-5B",
      "x": -73.5986791,
      "y": 40.7916418,
      "uid": "LOC0000000000059650"
    },
    {
      "type": "Joint Pole",
      "name": "L-6",
      "x": -73.6112211,
      "y": 40.7925525,
      "uid": "LOC0000000000196246"
    },
    {
      "type": "Joint Pole",
      "name": "L-7",
      "x": -73.6112779,
      "y": 40.7928376,
      "uid": "LOC0000000000196247"
    },
    {
      "type": "Joint Pole",
      "name": "L-7",
      "x": -73.6020769,
      "y": 40.7946827,
      "uid": "LOC0000000000059147"
    },
    {
      "type": "Joint Pole",
      "name": "L-7",
      "x": -73.6000488,
      "y": 40.7915614,
      "uid": "LOC0000000000059855"
    },
    {
      "type": "Joint Pole",
      "name": "L-8",
      "x": -73.6003921,
      "y": 40.7917503,
      "uid": "LOC0000000000059816"
    },
    {
      "type": "Joint Pole",
      "name": "L-8",
      "x": -73.6113519,
      "y": 40.7931857,
      "uid": "LOC0000000000196248"
    },
    {
      "type": "Joint Pole",
      "name": "L-8",
      "x": -73.6023819,
      "y": 40.7949608,
      "uid": "LOC0000000000059139"
    },
    {
      "type": "Joint Pole",
      "name": "L-86",
      "x": -73.6108766,
      "y": 40.790847,
      "uid": "LOC0000000000196241"
    },
    {
      "type": "Joint Pole",
      "name": "L-87",
      "x": -73.6105287,
      "y": 40.7908138,
      "uid": "LOC0000000000058421"
    },
    {
      "type": "Joint Pole",
      "name": "L-88",
      "x": -73.6102434,
      "y": 40.7908102,
      "uid": "LOC0000000000059799"
    },
    {
      "type": "Joint Pole",
      "name": "L-89",
      "x": -73.6098514,
      "y": 40.7908055,
      "uid": "LOC0000000000058286"
    },
    {
      "type": "Joint Pole",
      "name": "L-9",
      "x": -73.6026879,
      "y": 40.7952397,
      "uid": "LOC0000000000059142"
    },
    {
      "type": "Joint Pole",
      "name": "L-9",
      "x": -73.6114205,
      "y": 40.7935091,
      "uid": "LOC0000000000196249"
    },
    {
      "type": "Joint Pole",
      "name": "L-93.5",
      "x": -73.6083577,
      "y": 40.7908812,
      "uid": "LOC0000000000059844"
    },
    {
      "type": "Joint Pole",
      "name": "L-94B",
      "x": -73.6078367,
      "y": 40.7914743,
      "uid": "LOC0000000000059988"
    },
    {
      "type": "Joint Pole",
      "name": "L-94C",
      "x": -73.6076622,
      "y": 40.7916995,
      "uid": "LOC0000000000059676"
    },
    {
      "type": "Joint Pole",
      "name": "L-94D",
      "x": -73.608742,
      "y": 40.7924462,
      "uid": "LOC0000000000059672"
    },
    {
      "type": "Joint Pole",
      "name": "L-94H",
      "x": -73.6084535,
      "y": 40.7927648,
      "uid": "LOC0000000000059301"
    },
    {
      "type": "Joint Pole",
      "name": "L-94J",
      "x": -73.6085531,
      "y": 40.7931748,
      "uid": "LOC0000000000059160"
    },
    {
      "type": "Joint Pole",
      "name": "L-94K",
      "x": -73.6079903,
      "y": 40.7934772,
      "uid": "LOC0000000000059838"
    },
    {
      "type": "Joint Pole",
      "name": "L-94L",
      "x": -73.6074428,
      "y": 40.7937517,
      "uid": "LOC0000000000059837"
    },
    {
      "type": "Joint Pole",
      "name": "L-94M",
      "x": -73.6068571,
      "y": 40.7940469,
      "uid": "LOC0000000000059814"
    },
    {
      "type": "Joint Pole",
      "name": "L-94N",
      "x": -73.6063468,
      "y": 40.7943327,
      "uid": "LOC0000000000059853"
    },
    {
      "type": "Joint Pole",
      "name": "L-94O",
      "x": -73.606521,
      "y": 40.7945636,
      "uid": "LOC0000000000059310"
    },
    {
      "type": "Joint Pole",
      "name": "L-94P",
      "x": -73.6068276,
      "y": 40.7948928,
      "uid": "LOC0000000000059151"
    },
    {
      "type": "Joint Pole",
      "name": "L-NT",
      "x": -73.5996614,
      "y": 40.7913494,
      "uid": "LOC0000000000059300"
    },
    {
      "type": "Joint Pole",
      "name": "L-NT",
      "x": -73.6009681,
      "y": 40.7921277,
      "uid": "LOC0000000000059298"
    },
    {
      "type": "Joint Pole",
      "name": "L-NT",
      "x": -73.6088227,
      "y": 40.7907163,
      "uid": "LOC0000000000059651"
    },
    {
      "type": "Joint Pole",
      "name": "L-NT",
      "x": -73.6025925,
      "y": 40.7933099,
      "uid": "LOC0000000000059670"
    },
    {
      "type": "Joint Pole",
      "name": "L-NT",
      "x": -73.608379,
      "y": 40.7906501,
      "uid": "LOC0000000000059657"
    },
    {
      "type": "Joint Pole",
      "name": "NT",
      "x": -73.6038254,
      "y": 40.7945572,
      "uid": "LOC0000000000059813"
    },
    {
      "type": "Joint Pole",
      "name": "NT",
      "x": -73.6038058,
      "y": 40.7935611,
      "uid": "LOC0000000000059683"
    },
    {
      "type": "Joint Pole",
      "name": "NT",
      "x": -73.6032928,
      "y": 40.7933444,
      "uid": "LOC0000000000059654"
    },
    {
      "type": "Joint Pole",
      "name": "NT",
      "x": -73.6052574,
      "y": 40.8005452,
      "uid": "LOC0000000000064813"
    },
    {
      "type": "Joint Pole",
      "name": "NT",
      "x": -73.6051588,
      "y": 40.8003087,
      "uid": "LOC0000000000065025"
    },
    {
      "type": "Joint Pole",
      "name": "NT",
      "x": -73.6053145,
      "y": 40.7993394,
      "uid": "LOC0000000000065022"
    },
    {
      "type": "Joint Pole",
      "name": "NT",
      "x": -73.6050506,
      "y": 40.8000673,
      "uid": "LOC0000000000065024"
    },
    {
      "type": "Joint Pole",
      "name": "NT",
      "x": -73.6051063,
      "y": 40.7997345,
      "uid": "LOC0000000000065023"
    },
    {
      "type": "Joint Pole",
      "name": "NT",
      "x": -73.6043836,
      "y": 40.8000543,
      "uid": "LOC0000000000060890"
    },
    {
      "type": "Joint Pole",
      "name": "NT",
      "x": -73.6041982,
      "y": 40.799768,
      "uid": "LOC0000000000060886"
    },
    {
      "type": "Joint Pole",
      "name": "NT",
      "x": -73.6033842,
      "y": 40.7997707,
      "uid": "LOC0000000000060887"
    },
    {
      "type": "Joint Pole",
      "name": "NT",
      "x": -73.6030099,
      "y": 40.7997719,
      "uid": "LOC0000000000060888"
    },
    {
      "type": "Joint Pole",
      "name": "NT",
      "x": -73.6026571,
      "y": 40.7997823,
      "uid": "LOC0000000000060889"
    },
    {
      "type": "Joint Pole",
      "name": "NT",
      "x": -73.6056709,
      "y": 40.7992872,
      "uid": "LOC0000000000065021"
    },
    {
      "type": "Joint Pole",
      "name": "NT",
      "x": -73.6060576,
      "y": 40.7994683,
      "uid": "LOC0000000000064891"
    },
    {
      "type": "Joint Pole",
      "name": "NT",
      "x": -73.599447,
      "y": 40.7907505,
      "uid": "LOC0000000000059843"
    },
    {
      "type": "Joint Pole",
      "name": "NT",
      "x": -73.5996632,
      "y": 40.790928,
      "uid": "LOC0000000000059846"
    },
    {
      "type": "Joint Pole",
      "name": "NT",
      "x": -73.6010992,
      "y": 40.7916067,
      "uid": "LOC0000000000059681"
    },
    {
      "type": "Joint Pole",
      "name": "NT",
      "x": -73.6017855,
      "y": 40.7921101,
      "uid": "LOC0000000000059656"
    },
    {
      "type": "Joint Pole",
      "name": "NT",
      "x": -73.600581,
      "y": 40.7922616,
      "uid": "LOC0000000000059293"
    },
    {
      "type": "Joint Pole",
      "name": "PL38",
      "x": -73.6083391,
      "y": 40.8003306,
      "uid": "LOC0000000000064885"
    },
    {
      "type": "Joint Pole",
      "name": "PL39",
      "x": -73.6080263,
      "y": 40.8000906,
      "uid": "LOC0000000000064886"
    },
    {
      "type": "Joint Pole",
      "name": "PL40",
      "x": -73.607604,
      "y": 40.799886,
      "uid": "LOC0000000000064887"
    },
    {
      "type": "Joint Pole",
      "name": "PL41",
      "x": -73.6071551,
      "y": 40.7997389,
      "uid": "LOC0000000000064888"
    },
    {
      "type": "Joint Pole",
      "name": "PL42",
      "x": -73.6068866,
      "y": 40.7996469,
      "uid": "LOC0000000000064889"
    },
    {
      "type": "Joint Pole",
      "name": "PL43",
      "x": -73.6064535,
      "y": 40.7994223,
      "uid": "LOC0000000000064890"
    },
    {
      "type": "Joint Pole",
      "name": "T-13",
      "x": -73.6116828,
      "y": 40.7947303,
      "uid": "LOC0000000000196252"
    },
    {
      "type": "Joint Pole",
      "name": "T-19",
      "x": -73.6040807,
      "y": 40.7944099,
      "uid": "LOC0000000000059303"
    },
    {
      "type": "Joint Pole",
      "name": "T-90",
      "x": -73.6094873,
      "y": 40.7907947,
      "uid": "LOC0000000000059835"
    },
    {
      "type": "Joint Pole",
      "name": "T-94",
      "x": -73.6078009,
      "y": 40.7907253,
      "uid": "LOC0000000000059674"
    },
    {
      "type": "Joint Pole with Transformer",
      "name": "L-1",
      "x": -73.6017214,
      "y": 40.793145,
      "uid": "LOC0000000000059157"
    },
    {
      "type": "Joint Pole with Transformer",
      "name": "L-1.5",
      "x": -73.607382,
      "y": 40.7910715,
      "uid": "LOC0000000000059839"
    },
    {
      "type": "Joint Pole with Transformer",
      "name": "L-11",
      "x": -73.6014317,
      "y": 40.7924401,
      "uid": "LOC0000000000059847"
    },
    {
      "type": "Joint Pole with Transformer",
      "name": "L-23",
      "x": -73.6033367,
      "y": 40.8011682,
      "uid": "LOC0000000000145829"
    },
    {
      "type": "Joint Pole with Transformer",
      "name": "L-24",
      "x": -73.6034836,
      "y": 40.8015005,
      "uid": "LOC0000000000145828"
    },
    {
      "type": "Joint Pole with Transformer",
      "name": "L-28",
      "x": -73.6011277,
      "y": 40.8026887,
      "uid": "LOC0000000000145835"
    },
    {
      "type": "Joint Pole with Transformer",
      "name": "L-2D",
      "x": -73.6057667,
      "y": 40.7925955,
      "uid": "LOC0000000000059678"
    },
    {
      "type": "Joint Pole with Transformer",
      "name": "L-5",
      "x": -73.5992073,
      "y": 40.791109,
      "uid": "LOC0000000000059315"
    },
    {
      "type": "Joint Pole with Transformer",
      "name": "L-6",
      "x": -73.6017603,
      "y": 40.7943995,
      "uid": "LOC0000000000059649"
    },
    {
      "type": "Joint Pole with Transformer",
      "name": "L-9",
      "x": -73.6007043,
      "y": 40.7919619,
      "uid": "LOC0000000000059662"
    },
    {
      "type": "Joint Pole with Transformer",
      "name": "L-91",
      "x": -73.6091947,
      "y": 40.7907623,
      "uid": "LOC0000000000059682"
    },
    {
      "type": "Joint Pole with Transformer",
      "name": "L-94A",
      "x": -73.6078628,
      "y": 40.7911254,
      "uid": "LOC0000000000059655"
    },
    {
      "type": "Joint Pole with Transformer",
      "name": "L-94G",
      "x": -73.6088864,
      "y": 40.7927341,
      "uid": "LOC0000000000059852"
    },
    {
      "type": "Joint Pole with Transformer",
      "name": "L-94NB",
      "x": -73.6060151,
      "y": 40.7939491,
      "uid": "LOC0000000000059154"
    },
    {
      "type": "Joint Pole with Transformer",
      "name": "L-94Q",
      "x": -73.6071277,
      "y": 40.7953797,
      "uid": "LOC0000000000059145"
    },
    {
      "type": "Joint Pole with Transformer",
      "name": "L-NT",
      "x": -73.6034275,
      "y": 40.7939027,
      "uid": "LOC0000000000059668"
    },
    {
      "type": "Joint Pole with Transformer",
      "name": "NT",
      "x": -73.6035755,
      "y": 40.8017051,
      "uid": "LOC0000000000145827"
    },
    {
      "type": "Joint Pole with Transformer",
      "name": "T-14",
      "x": -73.6117355,
      "y": 40.795047,
      "uid": "LOC0000000000196265"
    },
    {
      "type": "Lockbox",
      "name": "LB132",
      "x": -73.6049471,
      "y": 40.8012842,
      "uid": "LOC0000000000203563"
    },
    {
      "type": "Lockbox",
      "name": "LB1659",
      "x": -73.607159,
      "y": 40.8022918,
      "uid": "LOC0000000000208951"
    },
    {
      "type": "Lockbox",
      "name": "LB1685",
      "x": -73.607903,
      "y": 40.8016326,
      "uid": "LOC0000000000209023"
    },
    {
      "type": "Lockbox",
      "name": "LB1936",
      "x": -73.6049829,
      "y": 40.8007449,
      "uid": "LOC0000000000212886"
    },
    {
      "type": "Lockbox",
      "name": "LB215",
      "x": -73.5993622,
      "y": 40.8021645,
      "uid": "LOC0000000000203560"
    },
    {
      "type": "Lockbox",
      "name": "LB216",
      "x": -73.5994496,
      "y": 40.802372,
      "uid": "LOC0000000000203561"
    },
    {
      "type": "Lockbox",
      "name": "LB217",
      "x": -73.6007252,
      "y": 40.8020873,
      "uid": "LOC0000000000203562"
    },
    {
      "type": "Lockbox",
      "name": "LB2297",
      "x": -73.6112791,
      "y": 40.7987819,
      "uid": "LOC0000000000214250"
    },
    {
      "type": "Lockbox",
      "name": "LB2298",
      "x": -73.6059625,
      "y": 40.8001739,
      "uid": "LOC0000000000214251"
    },
    {
      "type": "Lockbox",
      "name": "LB2303",
      "x": -73.6063427,
      "y": 40.797833,
      "uid": "LOC0000000000214256"
    },
    {
      "type": "Lockbox",
      "name": "LB2788",
      "x": -73.6002829,
      "y": 40.8021683,
      "uid": "LOC0000000000214257"
    },
    {
      "type": "Lockbox",
      "name": "LB2789",
      "x": -73.5999103,
      "y": 40.8022286,
      "uid": "LOC0000000000214258"
    },
    {
      "type": "Lockbox",
      "name": "LB2790",
      "x": -73.5997969,
      "y": 40.8021413,
      "uid": "LOC0000000000214259"
    },
    {
      "type": "Lockbox",
      "name": "LB2810",
      "x": -73.5997172,
      "y": 40.8022437,
      "uid": "LOC0000000000214405"
    },
    {
      "type": "Lockbox",
      "name": "LB651",
      "x": -73.6007304,
      "y": 40.8024922,
      "uid": "LOC0000000000204963"
    },
    {
      "type": "MDU",
      "name": "BH131116",
      "x": -73.6028005,
      "y": 40.7927548,
      "uid": "LOC0000000060161341"
    },
    {
      "type": "MDU",
      "name": "BH132723",
      "x": -73.6095763,
      "y": 40.798394,
      "uid": "LOC0000000060161956"
    },
    {
      "type": "MDU",
      "name": "BH135850",
      "x": -73.601506,
      "y": 40.7929068,
      "uid": "LOC0000000003397077"
    },
    {
      "type": "MDU",
      "name": "BH140762",
      "x": -73.610773,
      "y": 40.7955519,
      "uid": "LOC0000000060161821"
    },
    {
      "type": "MDU",
      "name": "BH141199",
      "x": -73.6081417,
      "y": 40.7940389,
      "uid": "LOC0000000003422222"
    },
    {
      "type": "MDU",
      "name": "BH141824",
      "x": -73.612494,
      "y": 40.8008321,
      "uid": "LOC0000000003424041"
    },
    {
      "type": "MDU",
      "name": "BH147796",
      "x": -73.6052156,
      "y": 40.7941762,
      "uid": "LOC0000000060161335"
    },
    {
      "type": "MDU",
      "name": "BH152853",
      "x": -73.6070443,
      "y": 40.8016259,
      "uid": "LOC0000000003482036"
    },
    {
      "type": "MDU",
      "name": "BH154725",
      "x": -73.6098878,
      "y": 40.8019996,
      "uid": "LOC0000000003492824"
    },
    {
      "type": "MDU",
      "name": "BH155544",
      "x": -73.598569,
      "y": 40.791528,
      "uid": "LOC0000000003495442"
    },
    {
      "type": "MDU",
      "name": "BH155605",
      "x": -73.613488,
      "y": 40.8013344,
      "uid": "LOC0000000060161927"
    },
    {
      "type": "MDU",
      "name": "BH155994",
      "x": -73.605016,
      "y": 40.7958637,
      "uid": "LOC0000000060163823"
    },
    {
      "type": "MDU",
      "name": "BH182026",
      "x": -73.6093178,
      "y": 40.792246,
      "uid": "LOC0000000060161422"
    },
    {
      "type": "MDU",
      "name": "BH255456",
      "x": -73.6014003,
      "y": 40.8019891,
      "uid": "LOC0000000060163881"
    },
    {
      "type": "MDU",
      "name": "BH261892",
      "x": -73.6038464,
      "y": 40.800019,
      "uid": "LOC0000000060163705"
    },
    {
      "type": "Mid Span Junction",
      "name": "MS1015",
      "x": -73.6042815,
      "y": 40.7982472,
      "uid": "LOC0000000000320916"
    },
    {
      "type": "Mid Span Junction",
      "name": "MS1016",
      "x": -73.6042766,
      "y": 40.798057,
      "uid": "LOC0000000000320917"
    },
    {
      "type": "Mid Span Junction",
      "name": "MS1018",
      "x": -73.6042818,
      "y": 40.7976366,
      "uid": "LOC0000000000320919"
    },
    {
      "type": "Mid Span Junction",
      "name": "MS1084",
      "x": -73.6007258,
      "y": 40.8020547,
      "uid": "LOC0000000000315550"
    },
    {
      "type": "Mid Span Junction",
      "name": "MS1085",
      "x": -73.6005032,
      "y": 40.802065,
      "uid": "LOC0000000000315551"
    },
    {
      "type": "Mid Span Junction",
      "name": "MS1086",
      "x": -73.6006206,
      "y": 40.8023473,
      "uid": "LOC0000000000315552"
    },
    {
      "type": "Mid Span Junction",
      "name": "MS1514",
      "x": -73.6006163,
      "y": 40.8022266,
      "uid": "LOC0000000000316555"
    },
    {
      "type": "Mid Span Junction",
      "name": "MS1671",
      "x": -73.6060508,
      "y": 40.7996823,
      "uid": "LOC0000000000324755"
    },
    {
      "type": "Mid Span Junction",
      "name": "MS2146",
      "x": -73.6005146,
      "y": 40.802102,
      "uid": "LOC0000000000320856"
    },
    {
      "type": "Mid Span Junction",
      "name": "MS2147",
      "x": -73.6004216,
      "y": 40.8021286,
      "uid": "LOC0000000000320920"
    },
    {
      "type": "Mid Span Junction",
      "name": "MS2148",
      "x": -73.6003521,
      "y": 40.8021485,
      "uid": "LOC0000000000320921"
    },
    {
      "type": "Mid Span Junction",
      "name": "MS2149",
      "x": -73.5998304,
      "y": 40.8021671,
      "uid": "LOC0000000000320922"
    },
    {
      "type": "Mid Span Junction",
      "name": "MS290",
      "x": -73.6036495,
      "y": 40.8021005,
      "uid": "LOC0000000000313095"
    },
    {
      "type": "Mid Span Junction",
      "name": "MS291",
      "x": -73.6012973,
      "y": 40.8026262,
      "uid": "LOC0000000000313096"
    },
    {
      "type": "Mid Span Junction",
      "name": "MS292",
      "x": -73.6012515,
      "y": 40.8026453,
      "uid": "LOC0000000000313097"
    },
    {
      "type": "Mid Span Junction",
      "name": "MS293",
      "x": -73.6012137,
      "y": 40.8026629,
      "uid": "LOC0000000000313098"
    },
    {
      "type": "Mid Span Junction",
      "name": "MS336",
      "x": -73.610329,
      "y": 40.8014928,
      "uid": "LOC0000000000314634"
    },
    {
      "type": "Mid Span Junction",
      "name": "MS337",
      "x": -73.6105959,
      "y": 40.8013945,
      "uid": "LOC0000000000314635"
    },
    {
      "type": "Mid Span Junction",
      "name": "MS338",
      "x": -73.6115104,
      "y": 40.8010482,
      "uid": "LOC0000000000314636"
    },
    {
      "type": "Mid Span Junction",
      "name": "MS339",
      "x": -73.6106995,
      "y": 40.8013564,
      "uid": "LOC0000000000314637"
    },
    {
      "type": "Mid Span Junction",
      "name": "MS3774",
      "x": -73.6007396,
      "y": 40.802339,
      "uid": "LOC0000000000325479"
    },
    {
      "type": "Mid Span Junction",
      "name": "MS772",
      "x": -73.6092392,
      "y": 40.7956224,
      "uid": "LOC0000000000316587"
    },
    {
      "type": "Mid Span Junction",
      "name": "MS773",
      "x": -73.6090335,
      "y": 40.7947382,
      "uid": "LOC0000000000316588"
    },
    {
      "type": "Mid Span Junction",
      "name": "MS774",
      "x": -73.6089614,
      "y": 40.7946696,
      "uid": "LOC0000000000316589"
    },
    {
      "type": "Mid Span Junction",
      "name": "MS775",
      "x": -73.6094955,
      "y": 40.7954047,
      "uid": "LOC0000000000316590"
    },
    {
      "type": "Mid Span Junction",
      "name": "MS776",
      "x": -73.609312,
      "y": 40.7950004,
      "uid": "LOC0000000000316591"
    },
    {
      "type": "Mid Span Junction",
      "name": "MS992",
      "x": -73.612376,
      "y": 40.8016561,
      "uid": "LOC0000000000320857"
    },
    {
      "type": "Pedestal",
      "name": "PD1006",
      "x": -73.6065777,
      "y": 40.8011909,
      "uid": "LOC0000000000222516"
    },
    {
      "type": "Pedestal",
      "name": "PD116",
      "x": -73.6114092,
      "y": 40.8010877,
      "uid": "LOC0000000000210098"
    },
    {
      "type": "Pedestal",
      "name": "PD1164",
      "x": -73.6058085,
      "y": 40.8001528,
      "uid": "LOC0000000000223506"
    },
    {
      "type": "Pedestal",
      "name": "PD117",
      "x": -73.6104338,
      "y": 40.8014564,
      "uid": "LOC0000000000210099"
    },
    {
      "type": "Pedestal",
      "name": "PD1180",
      "x": -73.6040094,
      "y": 40.7985756,
      "uid": "LOC0000000000223523"
    },
    {
      "type": "Pedestal",
      "name": "PD1181",
      "x": -73.6042914,
      "y": 40.7971991,
      "uid": "LOC0000000000223524"
    },
    {
      "type": "Pedestal",
      "name": "PD1182",
      "x": -73.6060256,
      "y": 40.7980355,
      "uid": "LOC0000000000223525"
    },
    {
      "type": "Pedestal",
      "name": "PD1223",
      "x": -73.6042782,
      "y": 40.7977758,
      "uid": "LOC0000000000320918"
    },
    {
      "type": "Pedestal",
      "name": "PD1224",
      "x": -73.6043804,
      "y": 40.7985099,
      "uid": "LOC0000000000320915"
    },
    {
      "type": "Pedestal",
      "name": "PD483",
      "x": -73.6079341,
      "y": 40.8003398,
      "uid": "LOC0000000000219177"
    },
    {
      "type": "Pedestal",
      "name": "PD820",
      "x": -73.6101636,
      "y": 40.7955077,
      "uid": "LOC0000000000221286"
    },
    {
      "type": "Pedestal",
      "name": "PD867",
      "x": -73.6092459,
      "y": 40.796283,
      "uid": "LOC0000000000221474"
    },
    {
      "type": "Pedestal",
      "name": "PD868",
      "x": -73.6053328,
      "y": 40.7952185,
      "uid": "LOC0000000000221478"
    },
    {
      "type": "Pedestal",
      "name": "PD869",
      "x": -73.6062052,
      "y": 40.7994985,
      "uid": "LOC0000000000221480"
    },
    {
      "type": "Pedestal",
      "name": "PD870",
      "x": -73.6039432,
      "y": 40.798374,
      "uid": "LOC0000000000221484"
    },
    {
      "type": "Pedestal",
      "name": "PD871",
      "x": -73.6044905,
      "y": 40.7987459,
      "uid": "LOC0000000000221486"
    },
    {
      "type": "Pedestal",
      "name": "PD872",
      "x": -73.6088697,
      "y": 40.7947664,
      "uid": "LOC0000000000221488"
    },
    {
      "type": "SDU",
      "name": "BH119166",
      "x": -73.6129506,
      "y": 40.8016007,
      "uid": "LOC0000000060161928"
    },
    {
      "type": "SDU",
      "name": "BH119353",
      "x": -73.6073882,
      "y": 40.7914507,
      "uid": "LOC0000000003322794"
    },
    {
      "type": "SDU",
      "name": "BH119550",
      "x": -73.6109311,
      "y": 40.7975151,
      "uid": "LOC0000000060161826"
    },
    {
      "type": "SDU",
      "name": "BH120032",
      "x": -73.6016783,
      "y": 40.7918842,
      "uid": "LOC0000000060162094"
    },
    {
      "type": "SDU",
      "name": "BH120465",
      "x": -73.6105047,
      "y": 40.7964298,
      "uid": "LOC0000000060161824"
    },
    {
      "type": "SDU",
      "name": "BH121664",
      "x": -73.6082442,
      "y": 40.7981528,
      "uid": "LOC0000000060162032"
    },
    {
      "type": "SDU",
      "name": "BH121682",
      "x": -73.606128,
      "y": 40.7932898,
      "uid": "LOC0000000003331024"
    },
    {
      "type": "SDU",
      "name": "BH123121",
      "x": -73.6002706,
      "y": 40.7924653,
      "uid": "LOC0000000003338130"
    },
    {
      "type": "SDU",
      "name": "BH124144",
      "x": -73.6107545,
      "y": 40.7930911,
      "uid": "LOC0000000060161492"
    },
    {
      "type": "SDU",
      "name": "BH124199",
      "x": -73.6069974,
      "y": 40.7934254,
      "uid": "LOC0000000060161390"
    },
    {
      "type": "SDU",
      "name": "BH124573",
      "x": -73.6093012,
      "y": 40.791349,
      "uid": "LOC0000000003345633"
    },
    {
      "type": "SDU",
      "name": "BH125946",
      "x": -73.607486,
      "y": 40.797393,
      "uid": "LOC0000000003352482"
    },
    {
      "type": "SDU",
      "name": "BH126578",
      "x": -73.6023437,
      "y": 40.7924986,
      "uid": "LOC0000000003354763"
    },
    {
      "type": "SDU",
      "name": "BH128341",
      "x": -73.6066152,
      "y": 40.8005202,
      "uid": "LOC0000000003363241"
    },
    {
      "type": "SDU",
      "name": "BH128914",
      "x": -73.6095384,
      "y": 40.7976765,
      "uid": "LOC0000000003365494"
    },
    {
      "type": "SDU",
      "name": "BH130693",
      "x": -73.6110213,
      "y": 40.7982273,
      "uid": "LOC0000000060161831"
    },
    {
      "type": "SDU",
      "name": "BH132396",
      "x": -73.6056673,
      "y": 40.8000123,
      "uid": "LOC0000000060163700"
    },
    {
      "type": "SDU",
      "name": "BH133334",
      "x": -73.6010445,
      "y": 40.7926131,
      "uid": "LOC0000000060162373"
    },
    {
      "type": "SDU",
      "name": "BH134940",
      "x": -73.6032442,
      "y": 40.7931097,
      "uid": "LOC0000000060161339"
    },
    {
      "type": "SDU",
      "name": "BH135090",
      "x": -73.6115419,
      "y": 40.798561,
      "uid": "LOC0000000060161918"
    },
    {
      "type": "SDU",
      "name": "BH137268",
      "x": -73.6117235,
      "y": 40.7955895,
      "uid": "LOC0000000003404122"
    },
    {
      "type": "SDU",
      "name": "BH137635",
      "x": -73.6102464,
      "y": 40.7913819,
      "uid": "LOC0000000003405648"
    },
    {
      "type": "SDU",
      "name": "BH137769",
      "x": -73.6101077,
      "y": 40.7991795,
      "uid": "LOC0000000003405991"
    },
    {
      "type": "SDU",
      "name": "BH138683",
      "x": -73.6036876,
      "y": 40.7933991,
      "uid": "LOC0000000060161338"
    },
    {
      "type": "SDU",
      "name": "BH140531",
      "x": -73.6105713,
      "y": 40.7998414,
      "uid": "LOC0000000003419824"
    },
    {
      "type": "SDU",
      "name": "BH140878",
      "x": -73.6019406,
      "y": 40.7933662,
      "uid": "LOC0000000060162532"
    },
    {
      "type": "SDU",
      "name": "BH141177",
      "x": -73.6088953,
      "y": 40.7935292,
      "uid": "LOC0000000003422137"
    },
    {
      "type": "SDU",
      "name": "BH141244",
      "x": -73.6099115,
      "y": 40.8008974,
      "uid": "LOC0000000003422386"
    },
    {
      "type": "SDU",
      "name": "BH142852",
      "x": -73.6122829,
      "y": 40.7998885,
      "uid": "LOC0000000003429584"
    },
    {
      "type": "SDU",
      "name": "BH143558",
      "x": -73.6025224,
      "y": 40.7936956,
      "uid": "LOC0000000060162534"
    },
    {
      "type": "SDU",
      "name": "BH143921",
      "x": -73.6110938,
      "y": 40.8005805,
      "uid": "LOC0000000003433229"
    },
    {
      "type": "SDU",
      "name": "BH146118",
      "x": -73.6042325,
      "y": 40.7937336,
      "uid": "LOC0000000060161337"
    },
    {
      "type": "SDU",
      "name": "BH146706",
      "x": -73.6098866,
      "y": 40.7949234,
      "uid": "LOC0000000060161525"
    },
    {
      "type": "SDU",
      "name": "BH146900",
      "x": -73.6116702,
      "y": 40.8012714,
      "uid": "LOC0000000060161932"
    },
    {
      "type": "SDU",
      "name": "BH147241",
      "x": -73.6030332,
      "y": 40.7940543,
      "uid": "LOC0000000060162535"
    },
    {
      "type": "SDU",
      "name": "BH149638",
      "x": -73.6099964,
      "y": 40.7958057,
      "uid": "LOC0000000060161823"
    },
    {
      "type": "SDU",
      "name": "BH149843",
      "x": -73.6118942,
      "y": 40.8021271,
      "uid": "LOC0000000060161930"
    },
    {
      "type": "SDU",
      "name": "BH149997",
      "x": -73.6036527,
      "y": 40.794451,
      "uid": "LOC0000000060162536"
    },
    {
      "type": "SDU",
      "name": "BH150282",
      "x": -73.6056522,
      "y": 40.7946372,
      "uid": "LOC0000000060161342"
    },
    {
      "type": "SDU",
      "name": "BH152705",
      "x": -73.604109,
      "y": 40.7948318,
      "uid": "LOC0000000060162611"
    },
    {
      "type": "SDU",
      "name": "BH153285",
      "x": -73.6060158,
      "y": 40.7955118,
      "uid": "LOC0000000060162052"
    },
    {
      "type": "SDU",
      "name": "BH154246",
      "x": -73.6045496,
      "y": 40.7952406,
      "uid": "LOC0000000060162612"
    },
    {
      "type": "SDU",
      "name": "BH154483",
      "x": -73.6122689,
      "y": 40.7973717,
      "uid": "LOC0000000060161827"
    },
    {
      "type": "SDU",
      "name": "BH154955",
      "x": -73.6106465,
      "y": 40.7921199,
      "uid": "LOC0000000060161491"
    },
    {
      "type": "SDU",
      "name": "BH155005",
      "x": -73.6077443,
      "y": 40.7923466,
      "uid": "LOC0000000003493650"
    },
    {
      "type": "SDU",
      "name": "BH155048",
      "x": -73.6085772,
      "y": 40.7951478,
      "uid": "LOC0000000003493743"
    },
    {
      "type": "SDU",
      "name": "BH155308",
      "x": -73.6131499,
      "y": 40.79919,
      "uid": "LOC0000000060161921"
    },
    {
      "type": "SDU",
      "name": "BH158064",
      "x": -73.6057947,
      "y": 40.7964762,
      "uid": "LOC0000000060162615"
    },
    {
      "type": "SDU",
      "name": "BH160130",
      "x": -73.6034847,
      "y": 40.7974866,
      "uid": "LOC0000000060163821"
    },
    {
      "type": "SDU",
      "name": "BH161698",
      "x": -73.6058627,
      "y": 40.7982265,
      "uid": "LOC0000000060162618"
    },
    {
      "type": "SDU",
      "name": "BH161892",
      "x": -73.6033567,
      "y": 40.7986287,
      "uid": "LOC0000000060163707"
    },
    {
      "type": "SDU",
      "name": "BH163633",
      "x": -73.6046324,
      "y": 40.7983317,
      "uid": "LOC0000000060162694"
    },
    {
      "type": "SDU",
      "name": "BH164103",
      "x": -73.6073358,
      "y": 40.7942452,
      "uid": "LOC0000000060161345"
    },
    {
      "type": "SDU",
      "name": "BH164146",
      "x": -73.6092381,
      "y": 40.8001943,
      "uid": "LOC0000000003539651"
    },
    {
      "type": "SDU",
      "name": "BH164366",
      "x": -73.6089755,
      "y": 40.7906282,
      "uid": "LOC0000000060146128"
    },
    {
      "type": "SDU",
      "name": "BH164425",
      "x": -73.6111684,
      "y": 40.7966241,
      "uid": "LOC0000000003540472"
    },
    {
      "type": "SDU",
      "name": "BH164509",
      "x": -73.6130241,
      "y": 40.8002813,
      "uid": "LOC0000000060161922"
    },
    {
      "type": "SDU",
      "name": "BH164530",
      "x": -73.6093793,
      "y": 40.7942764,
      "uid": "LOC0000000003540757"
    },
    {
      "type": "SDU",
      "name": "BH164553",
      "x": -73.6127702,
      "y": 40.7982727,
      "uid": "LOC0000000003540829"
    },
    {
      "type": "SDU",
      "name": "BH164814",
      "x": -73.5995183,
      "y": 40.7907409,
      "uid": "LOC0000000003541955"
    },
    {
      "type": "SDU",
      "name": "BH166617",
      "x": -73.6042413,
      "y": 40.8001576,
      "uid": "LOC0000000060163703"
    },
    {
      "type": "SDU",
      "name": "BH170039",
      "x": -73.5991645,
      "y": 40.7918645,
      "uid": "LOC0000000003563298"
    },
    {
      "type": "SDU",
      "name": "BH170043",
      "x": -73.6138556,
      "y": 40.8009744,
      "uid": "LOC0000000060161925"
    },
    {
      "type": "SDU",
      "name": "BH170314",
      "x": -73.6086062,
      "y": 40.7957606,
      "uid": "LOC0000000060162050"
    },
    {
      "type": "SDU",
      "name": "BH170790",
      "x": -73.6071461,
      "y": 40.7904135,
      "uid": "LOC0000000003566064"
    },
    {
      "type": "SDU",
      "name": "BH171989",
      "x": -73.6052981,
      "y": 40.7990768,
      "uid": "LOC0000000003570555"
    },
    {
      "type": "SDU",
      "name": "BH172419",
      "x": -73.6075387,
      "y": 40.795207,
      "uid": "LOC0000000003571906"
    },
    {
      "type": "SDU",
      "name": "BH172455",
      "x": -73.6140482,
      "y": 40.7991907,
      "uid": "LOC0000000060161919"
    },
    {
      "type": "SDU",
      "name": "BH172536",
      "x": -73.6087487,
      "y": 40.8017371,
      "uid": "LOC0000000003572175"
    },
    {
      "type": "SDU",
      "name": "BH176291",
      "x": -73.6133886,
      "y": 40.7980807,
      "uid": "LOC0000000060161830"
    },
    {
      "type": "SDU",
      "name": "BH176433",
      "x": -73.614039,
      "y": 40.800411,
      "uid": "LOC0000000060161924"
    },
    {
      "type": "SDU",
      "name": "BH176472",
      "x": -73.6121057,
      "y": 40.7965745,
      "uid": "LOC0000000003588872"
    },
    {
      "type": "SDU",
      "name": "BH176752",
      "x": -73.6003329,
      "y": 40.7908918,
      "uid": "LOC0000000003589896"
    },
    {
      "type": "SDU",
      "name": "BH178223",
      "x": -73.6084798,
      "y": 40.7995157,
      "uid": "LOC0000000003596662"
    },
    {
      "type": "SDU",
      "name": "BH178495",
      "x": -73.6064064,
      "y": 40.792387,
      "uid": "LOC0000000003597626"
    },
    {
      "type": "SDU",
      "name": "BH180782",
      "x": -73.6084384,
      "y": 40.7912833,
      "uid": "LOC0000000003608775"
    },
    {
      "type": "SDU",
      "name": "BH180954",
      "x": -73.6088176,
      "y": 40.796289,
      "uid": "LOC0000000060162049"
    },
    {
      "type": "SDU",
      "name": "BH182470",
      "x": -73.6078662,
      "y": 40.7930885,
      "uid": "LOC0000000003617004"
    },
    {
      "type": "SDU",
      "name": "BH184883",
      "x": -73.6071466,
      "y": 40.799137,
      "uid": "LOC0000000003629086"
    },
    {
      "type": "SDU",
      "name": "BH185511",
      "x": -73.6010341,
      "y": 40.7912742,
      "uid": "LOC0000000003631350"
    },
    {
      "type": "SDU",
      "name": "BH189174",
      "x": -73.6090809,
      "y": 40.7971372,
      "uid": "LOC0000000003652629"
    },
    {
      "type": "SDU",
      "name": "BH189754",
      "x": -73.6079449,
      "y": 40.8008777,
      "uid": "LOC0000000060163670"
    },
    {
      "type": "SDU",
      "name": "BH189985",
      "x": -73.5997288,
      "y": 40.7921728,
      "uid": "LOC0000000003656406"
    },
    {
      "type": "SDU",
      "name": "BH191204",
      "x": -73.6052876,
      "y": 40.792722,
      "uid": "LOC0000000060161333"
    },
    {
      "type": "SDU",
      "name": "BH263842",
      "x": -73.6037819,
      "y": 40.8012886,
      "uid": "LOC0000000060163849"
    },
    {
      "type": "Vault",
      "name": "VT1440",
      "x": -73.6136018,
      "y": 40.7990437,
      "uid": "LOC0000000000221285"
    },
    {
      "type": "Vault",
      "name": "VT1441",
      "x": -73.6116951,
      "y": 40.7972686,
      "uid": "LOC0000000000221287"
    },
    {
      "type": "Vault",
      "name": "VT1442",
      "x": -73.6117453,
      "y": 40.800234,
      "uid": "LOC0000000000221288"
    },
    {
      "type": "Vault",
      "name": "VT1443",
      "x": -73.6102231,
      "y": 40.798029,
      "uid": "LOC0000000000221289"
    },
    {
      "type": "Vault",
      "name": "VT1444",
      "x": -73.6101108,
      "y": 40.7972204,
      "uid": "LOC0000000000221290"
    },
    {
      "type": "Vault",
      "name": "VT1445",
      "x": -73.613633,
      "y": 40.7986446,
      "uid": "LOC0000000000221291"
    },
    {
      "type": "Vault",
      "name": "VT1446",
      "x": -73.6107057,
      "y": 40.7992911,
      "uid": "LOC0000000000221292"
    },
    {
      "type": "Vault",
      "name": "VT1447",
      "x": -73.6113452,
      "y": 40.7960974,
      "uid": "LOC0000000000221293"
    },
    {
      "type": "Vault",
      "name": "VT1448",
      "x": -73.6107603,
      "y": 40.7984705,
      "uid": "LOC0000000000221294"
    },
    {
      "type": "Vault",
      "name": "VT1449",
      "x": -73.6110152,
      "y": 40.7949734,
      "uid": "LOC0000000000221295"
    },
    {
      "type": "Vault",
      "name": "VT1450",
      "x": -73.6138617,
      "y": 40.7989981,
      "uid": "LOC0000000000221296"
    },
    {
      "type": "Vault",
      "name": "VT1451",
      "x": -73.6112819,
      "y": 40.7970497,
      "uid": "LOC0000000000221297"
    },
    {
      "type": "Vault",
      "name": "VT1452",
      "x": -73.6098382,
      "y": 40.797336,
      "uid": "LOC0000000000221298"
    },
    {
      "type": "Vault",
      "name": "VT1481",
      "x": -73.6105876,
      "y": 40.7924252,
      "uid": "LOC0000000000221473"
    },
    {
      "type": "Vault",
      "name": "VT1482",
      "x": -73.6077029,
      "y": 40.7999739,
      "uid": "LOC0000000000221475"
    },
    {
      "type": "Vault",
      "name": "VT1483",
      "x": -73.6070541,
      "y": 40.7986656,
      "uid": "LOC0000000000221476"
    },
    {
      "type": "Vault",
      "name": "VT1484",
      "x": -73.6056886,
      "y": 40.799634,
      "uid": "LOC0000000000221477"
    },
    {
      "type": "Vault",
      "name": "VT1485",
      "x": -73.6063701,
      "y": 40.7997876,
      "uid": "LOC0000000000221479"
    },
    {
      "type": "Vault",
      "name": "VT1486",
      "x": -73.6047516,
      "y": 40.7993773,
      "uid": "LOC0000000000221481"
    },
    {
      "type": "Vault",
      "name": "VT1487",
      "x": -73.6079348,
      "y": 40.7948226,
      "uid": "LOC0000000000221482"
    },
    {
      "type": "Vault",
      "name": "VT1488",
      "x": -73.6036861,
      "y": 40.7998096,
      "uid": "LOC0000000000221483"
    },
    {
      "type": "Vault",
      "name": "VT1489",
      "x": -73.6086869,
      "y": 40.7983421,
      "uid": "LOC0000000000221485"
    },
    {
      "type": "Vault",
      "name": "VT1490",
      "x": -73.6079587,
      "y": 40.7977769,
      "uid": "LOC0000000000221487"
    },
    {
      "type": "Vault",
      "name": "VT1491",
      "x": -73.6058356,
      "y": 40.7960089,
      "uid": "LOC0000000000221489"
    },
    {
      "type": "Vault",
      "name": "VT1492",
      "x": -73.6068326,
      "y": 40.7927963,
      "uid": "LOC0000000000221490"
    },
    {
      "type": "Vault",
      "name": "VT1493",
      "x": -73.6072693,
      "y": 40.7927924,
      "uid": "LOC0000000000221491"
    },
    {
      "type": "Vault",
      "name": "VT1494",
      "x": -73.6067111,
      "y": 40.7924246,
      "uid": "LOC0000000000221492"
    },
    {
      "type": "Vault",
      "name": "VT1495",
      "x": -73.608998,
      "y": 40.7922245,
      "uid": "LOC0000000000221493"
    },
    {
      "type": "Vault",
      "name": "VT1554",
      "x": -73.6070485,
      "y": 40.7921011,
      "uid": "LOC0000000000221676"
    },
    {
      "type": "Vault",
      "name": "VT1555",
      "x": -73.6077968,
      "y": 40.7943897,
      "uid": "LOC0000000000221677"
    },
    {
      "type": "Vault",
      "name": "VT1556",
      "x": -73.6070643,
      "y": 40.7930936,
      "uid": "LOC0000000000221678"
    },
    {
      "type": "Vault",
      "name": "VT1557",
      "x": -73.6087387,
      "y": 40.7940801,
      "uid": "LOC0000000000221679"
    },
    {
      "type": "Vault",
      "name": "VT1558",
      "x": -73.6047918,
      "y": 40.7946282,
      "uid": "LOC0000000000221680"
    },
    {
      "type": "Vault",
      "name": "VT2303",
      "x": -73.6036506,
      "y": 40.8021689,
      "uid": "LOC0000000000226814"
    },
    {
      "type": "Vault",
      "name": "VT2304",
      "x": -73.6013915,
      "y": 40.8026044,
      "uid": "LOC0000000000226815"
    },
    {
      "type": "Vault",
      "name": "VT50",
      "x": -73.6019099,
      "y": 40.8022196,
      "uid": "LOC0000000000210624"
    },
    {
      "type": "Vault",
      "name": "VT678",
      "x": -73.6118761,
      "y": 40.8009125,
      "uid": "LOC0000000000219169"
    },
    {
      "type": "Vault",
      "name": "VT679",
      "x": -73.613602,
      "y": 40.800914,
      "uid": "LOC0000000000219170"
    },
    {
      "type": "Vault",
      "name": "VT68",
      "x": -73.6121688,
      "y": 40.8008374,
      "uid": "LOC0000000000211441"
    },
    {
      "type": "Vault",
      "name": "VT680",
      "x": -73.6130252,
      "y": 40.8014203,
      "uid": "LOC0000000000219171"
    },
    {
      "type": "Vault",
      "name": "VT681",
      "x": -73.6134254,
      "y": 40.8012134,
      "uid": "LOC0000000000219172"
    },
    {
      "type": "Vault",
      "name": "VT682",
      "x": -73.6123555,
      "y": 40.8020857,
      "uid": "LOC0000000000219173"
    },
    {
      "type": "Vault",
      "name": "VT684",
      "x": -73.609704,
      "y": 40.8016548,
      "uid": "LOC0000000000219175"
    },
    {
      "type": "Vault",
      "name": "VT685",
      "x": -73.6095061,
      "y": 40.801336,
      "uid": "LOC0000000000219176"
    },
    {
      "type": "Vault",
      "name": "VT686",
      "x": -73.6087344,
      "y": 40.8010071,
      "uid": "LOC0000000000219178"
    },
    {
      "type": "Vault",
      "name": "VT687",
      "x": -73.6054606,
      "y": 40.8011789,
      "uid": "LOC0000000000219179"
    }
  ],
  "routes": [
    {
      "type": "Burried",
      "name": "L-24 >> VT50",
      "locationA": "LOC0000000000145828",
      "locationZ": "LOC0000000000210624",
      "uid": "ROT0000000007520453"
    },
    {
      "type": "Burried",
      "name": "L-5 >> VT1481",
      "locationA": "LOC0000000000196245",
      "locationZ": "LOC0000000000221473",
      "uid": "ROT0000000007459177"
    },
    {
      "type": "Burried",
      "name": "L-94P >> PD868",
      "locationA": "LOC0000000000059151",
      "locationZ": "LOC0000000000221478",
      "uid": "ROT0000000007295247"
    },
    {
      "type": "Burried",
      "name": "LB2303 >> PD1182",
      "locationA": "LOC0000000000214256",
      "locationZ": "LOC0000000000223525",
      "uid": "ROT0000000007404762"
    },
    {
      "type": "Burried",
      "name": "LB2788 >> LB2789",
      "locationA": "LOC0000000000214257",
      "locationZ": "LOC0000000000214258",
      "uid": "ROT0000000007446149"
    },
    {
      "type": "Burried",
      "name": "LB2789 >> MS2149",
      "locationA": "LOC0000000000214258",
      "locationZ": "LOC0000000000320922",
      "uid": "ROT0000000007402104"
    },
    {
      "type": "Burried",
      "name": "LB2810 >> LB215",
      "locationA": "LOC0000000000214405",
      "locationZ": "LOC0000000000203560",
      "uid": "ROT0000000007361178"
    },
    {
      "type": "Burried",
      "name": "LB2810 >> LB216",
      "locationA": "LOC0000000000214405",
      "locationZ": "LOC0000000000203561",
      "uid": "ROT0000000007361176"
    },
    {
      "type": "Burried",
      "name": "LB2810 >> LB2789",
      "locationA": "LOC0000000000214405",
      "locationZ": "LOC0000000000214258",
      "uid": "ROT0000000007361177"
    },
    {
      "type": "Burried",
      "name": "MS1015 >> MS1016",
      "locationA": "LOC0000000000320916",
      "locationZ": "LOC0000000000320917",
      "uid": "ROT0000000007409767"
    },
    {
      "type": "Burried",
      "name": "MS1016 >> PD1223",
      "locationA": "LOC0000000000320917",
      "locationZ": "LOC0000000000320918",
      "uid": "ROT0000000007343192"
    },
    {
      "type": "Burried",
      "name": "MS1018 >> PD1181",
      "locationA": "LOC0000000000320919",
      "locationZ": "LOC0000000000223524",
      "uid": "ROT0000000007313536"
    },
    {
      "type": "Burried",
      "name": "MS1671 >> PD869",
      "locationA": "LOC0000000000324755",
      "locationZ": "LOC0000000000221480",
      "uid": "ROT0000000007467133"
    },
    {
      "type": "Burried",
      "name": "MS2146 >> MS2147",
      "locationA": "LOC0000000000320856",
      "locationZ": "LOC0000000000320920",
      "uid": "ROT0000000007332371"
    },
    {
      "type": "Burried",
      "name": "MS2147 >> MS2148",
      "locationA": "LOC0000000000320920",
      "locationZ": "LOC0000000000320921",
      "uid": "ROT0000000007428829"
    },
    {
      "type": "Burried",
      "name": "MS2148 >> LB2788",
      "locationA": "LOC0000000000320921",
      "locationZ": "LOC0000000000214257",
      "uid": "ROT0000000007532566"
    },
    {
      "type": "Burried",
      "name": "MS2149 >> LB2790",
      "locationA": "LOC0000000000320922",
      "locationZ": "LOC0000000000214259",
      "uid": "ROT0000000007347274"
    },
    {
      "type": "Burried",
      "name": "MS291 >> MS292",
      "locationA": "LOC0000000000313096",
      "locationZ": "LOC0000000000313097",
      "uid": "ROT0000000007311543"
    },
    {
      "type": "Burried",
      "name": "MS292 >> MS293",
      "locationA": "LOC0000000000313097",
      "locationZ": "LOC0000000000313098",
      "uid": "ROT0000000007415760"
    },
    {
      "type": "Burried",
      "name": "MS293 >> L-28",
      "locationA": "LOC0000000000313098",
      "locationZ": "LOC0000000000145835",
      "uid": "ROT0000000007470502"
    },
    {
      "type": "Burried",
      "name": "MS336 >> VT684",
      "locationA": "LOC0000000000314634",
      "locationZ": "LOC0000000000219175",
      "uid": "ROT0000000007359509"
    },
    {
      "type": "Burried",
      "name": "MS337 >> PD117",
      "locationA": "LOC0000000000314635",
      "locationZ": "LOC0000000000210099",
      "uid": "ROT0000000007374460"
    },
    {
      "type": "Burried",
      "name": "MS772 >> PD867",
      "locationA": "LOC0000000000316587",
      "locationZ": "LOC0000000000221474",
      "uid": "ROT0000000007490419"
    },
    {
      "type": "Burried",
      "name": "MS773 >> MS776",
      "locationA": "LOC0000000000316588",
      "locationZ": "LOC0000000000316591",
      "uid": "ROT0000000007358165"
    },
    {
      "type": "Burried",
      "name": "MS774 >> PD872",
      "locationA": "LOC0000000000316589",
      "locationZ": "LOC0000000000221488",
      "uid": "ROT0000000007422335"
    },
    {
      "type": "Burried",
      "name": "MS774 >> VT1557",
      "locationA": "LOC0000000000316589",
      "locationZ": "LOC0000000000221679",
      "uid": "ROT0000000007422334"
    },
    {
      "type": "Burried",
      "name": "MS776 >> MS775",
      "locationA": "LOC0000000000316591",
      "locationZ": "LOC0000000000316590",
      "uid": "ROT0000000007475077"
    },
    {
      "type": "Burried",
      "name": "MS992 >> VT678",
      "locationA": "LOC0000000000320857",
      "locationZ": "LOC0000000000219169",
      "uid": "ROT0000000007401338"
    },
    {
      "type": "Burried",
      "name": "MS992 >> VT680",
      "locationA": "LOC0000000000320857",
      "locationZ": "LOC0000000000219171",
      "uid": "ROT0000000007401337"
    },
    {
      "type": "Burried",
      "name": "PD116 >> MS339",
      "locationA": "LOC0000000000210098",
      "locationZ": "LOC0000000000314637",
      "uid": "ROT0000000007295577"
    },
    {
      "type": "Burried",
      "name": "PD1164 >> LB2298",
      "locationA": "LOC0000000000223506",
      "locationZ": "LOC0000000000214251",
      "uid": "ROT0000000007330456"
    },
    {
      "type": "Burried",
      "name": "PD1180 >> PD870",
      "locationA": "LOC0000000000223523",
      "locationZ": "LOC0000000000221484",
      "uid": "ROT0000000007404005"
    },
    {
      "type": "Burried",
      "name": "PD1182 >> PD1223",
      "locationA": "LOC0000000000223525",
      "locationZ": "LOC0000000000320918",
      "uid": "ROT0000000007408146"
    },
    {
      "type": "Burried",
      "name": "PD1223 >> MS1018",
      "locationA": "LOC0000000000320918",
      "locationZ": "LOC0000000000320919",
      "uid": "ROT0000000007297485"
    },
    {
      "type": "Burried",
      "name": "PD1224 >> MS1015",
      "locationA": "LOC0000000000320915",
      "locationZ": "LOC0000000000320916",
      "uid": "ROT0000000007419053"
    },
    {
      "type": "Burried",
      "name": "PD1224 >> PD1180",
      "locationA": "LOC0000000000320915",
      "locationZ": "LOC0000000000223523",
      "uid": "ROT0000000007419052"
    },
    {
      "type": "Burried",
      "name": "PD483 >> PD1006",
      "locationA": "LOC0000000000219177",
      "locationZ": "LOC0000000000222516",
      "uid": "ROT0000000007322672"
    },
    {
      "type": "Burried",
      "name": "PD483 >> VT1482",
      "locationA": "LOC0000000000219177",
      "locationZ": "LOC0000000000221475",
      "uid": "ROT0000000007322673"
    },
    {
      "type": "Burried",
      "name": "PD820 >> MS772",
      "locationA": "LOC0000000000221286",
      "locationZ": "LOC0000000000316587",
      "uid": "ROT0000000007430025"
    },
    {
      "type": "Burried",
      "name": "PD820 >> MS775",
      "locationA": "LOC0000000000221286",
      "locationZ": "LOC0000000000316590",
      "uid": "ROT0000000007430027"
    },
    {
      "type": "Burried",
      "name": "PD820 >> VT1449",
      "locationA": "LOC0000000000221286",
      "locationZ": "LOC0000000000221295",
      "uid": "ROT0000000007430026"
    },
    {
      "type": "Burried",
      "name": "PD867 >> VT1452",
      "locationA": "LOC0000000000221474",
      "locationZ": "LOC0000000000221298",
      "uid": "ROT0000000007308498"
    },
    {
      "type": "Burried",
      "name": "PD868 >> VT1491",
      "locationA": "LOC0000000000221478",
      "locationZ": "LOC0000000000221489",
      "uid": "ROT0000000007523454"
    },
    {
      "type": "Burried",
      "name": "PD868 >> VT1558",
      "locationA": "LOC0000000000221478",
      "locationZ": "LOC0000000000221680",
      "uid": "ROT0000000007523455"
    },
    {
      "type": "Burried",
      "name": "PD869 >> VT1483",
      "locationA": "LOC0000000000221480",
      "locationZ": "LOC0000000000221476",
      "uid": "ROT0000000007397546"
    },
    {
      "type": "Burried",
      "name": "PD869 >> VT1485",
      "locationA": "LOC0000000000221480",
      "locationZ": "LOC0000000000221479",
      "uid": "ROT0000000007397545"
    },
    {
      "type": "Burried",
      "name": "PD870 >> L-15",
      "locationA": "LOC0000000000221484",
      "locationZ": "LOC0000000000059148",
      "uid": "ROT0000000007524021"
    },
    {
      "type": "Burried",
      "name": "PD871 >> PD1224",
      "locationA": "LOC0000000000221486",
      "locationZ": "LOC0000000000320915",
      "uid": "ROT0000000007303970"
    },
    {
      "type": "Burried",
      "name": "PD872 >> MS773",
      "locationA": "LOC0000000000221488",
      "locationZ": "LOC0000000000316588",
      "uid": "ROT0000000007359092"
    },
    {
      "type": "Burried",
      "name": "PD872 >> VT1487",
      "locationA": "LOC0000000000221488",
      "locationZ": "LOC0000000000221482",
      "uid": "ROT0000000007359093"
    },
    {
      "type": "Burried",
      "name": "VT1441 >> VT1451",
      "locationA": "LOC0000000000221287",
      "locationZ": "LOC0000000000221297",
      "uid": "ROT0000000007499208"
    },
    {
      "type": "Burried",
      "name": "VT1442 >> VT1446",
      "locationA": "LOC0000000000221288",
      "locationZ": "LOC0000000000221292",
      "uid": "ROT0000000007361201"
    },
    {
      "type": "Burried",
      "name": "VT1442 >> VT678",
      "locationA": "LOC0000000000221288",
      "locationZ": "LOC0000000000219169",
      "uid": "ROT0000000007361202"
    },
    {
      "type": "Burried",
      "name": "VT1443 >> VT1452",
      "locationA": "LOC0000000000221289",
      "locationZ": "LOC0000000000221298",
      "uid": "ROT0000000007358592"
    },
    {
      "type": "Burried",
      "name": "VT1444 >> VT1447",
      "locationA": "LOC0000000000221290",
      "locationZ": "LOC0000000000221293",
      "uid": "ROT0000000007353630"
    },
    {
      "type": "Burried",
      "name": "VT1444 >> VT1452",
      "locationA": "LOC0000000000221290",
      "locationZ": "LOC0000000000221298",
      "uid": "ROT0000000007353629"
    },
    {
      "type": "Burried",
      "name": "VT1445 >> VT1440",
      "locationA": "LOC0000000000221291",
      "locationZ": "LOC0000000000221285",
      "uid": "ROT0000000007417143"
    },
    {
      "type": "Burried",
      "name": "VT1446 >> LB2297",
      "locationA": "LOC0000000000221292",
      "locationZ": "LOC0000000000214250",
      "uid": "ROT0000000007404625"
    },
    {
      "type": "Burried",
      "name": "VT1446 >> VT1445",
      "locationA": "LOC0000000000221292",
      "locationZ": "LOC0000000000221291",
      "uid": "ROT0000000007404626"
    },
    {
      "type": "Burried",
      "name": "VT1446 >> VT1448",
      "locationA": "LOC0000000000221292",
      "locationZ": "LOC0000000000221294",
      "uid": "ROT0000000007404624"
    },
    {
      "type": "Burried",
      "name": "VT1448 >> VT1443",
      "locationA": "LOC0000000000221294",
      "locationZ": "LOC0000000000221289",
      "uid": "ROT0000000007390642"
    },
    {
      "type": "Burried",
      "name": "VT1449 >> T-13",
      "locationA": "LOC0000000000221295",
      "locationZ": "LOC0000000000196252",
      "uid": "ROT0000000007494875"
    },
    {
      "type": "Burried",
      "name": "VT1450 >> VT1440",
      "locationA": "LOC0000000000221296",
      "locationZ": "LOC0000000000221285",
      "uid": "ROT0000000007361333"
    },
    {
      "type": "Burried",
      "name": "VT1451 >> VT1444",
      "locationA": "LOC0000000000221297",
      "locationZ": "LOC0000000000221290",
      "uid": "ROT0000000007316931"
    },
    {
      "type": "Burried",
      "name": "VT1482 >> VT1485",
      "locationA": "LOC0000000000221475",
      "locationZ": "LOC0000000000221479",
      "uid": "ROT0000000007388440"
    },
    {
      "type": "Burried",
      "name": "VT1483 >> VT1489",
      "locationA": "LOC0000000000221476",
      "locationZ": "LOC0000000000221485",
      "uid": "ROT0000000007352584"
    },
    {
      "type": "Burried",
      "name": "VT1483 >> VT1490",
      "locationA": "LOC0000000000221476",
      "locationZ": "LOC0000000000221487",
      "uid": "ROT0000000007352583"
    },
    {
      "type": "Burried",
      "name": "VT1484 >> MS1671",
      "locationA": "LOC0000000000221477",
      "locationZ": "LOC0000000000324755",
      "uid": "ROT0000000007335856"
    },
    {
      "type": "Burried",
      "name": "VT1484 >> PD1164",
      "locationA": "LOC0000000000221477",
      "locationZ": "LOC0000000000223506",
      "uid": "ROT0000000007335853"
    },
    {
      "type": "Burried",
      "name": "VT1484 >> VT1486",
      "locationA": "LOC0000000000221477",
      "locationZ": "LOC0000000000221481",
      "uid": "ROT0000000007335854"
    },
    {
      "type": "Burried",
      "name": "VT1484 >> VT687",
      "locationA": "LOC0000000000221477",
      "locationZ": "LOC0000000000219179",
      "uid": "ROT0000000007335855"
    },
    {
      "type": "Burried",
      "name": "VT1486 >> PD871",
      "locationA": "LOC0000000000221481",
      "locationZ": "LOC0000000000221486",
      "uid": "ROT0000000007393965"
    },
    {
      "type": "Burried",
      "name": "VT1487 >> VT1555",
      "locationA": "LOC0000000000221482",
      "locationZ": "LOC0000000000221677",
      "uid": "ROT0000000007460408"
    },
    {
      "type": "Burried",
      "name": "VT1492 >> VT1494",
      "locationA": "LOC0000000000221490",
      "locationZ": "LOC0000000000221492",
      "uid": "ROT0000000007338726"
    },
    {
      "type": "Burried",
      "name": "VT1493 >> VT1556",
      "locationA": "LOC0000000000221491",
      "locationZ": "LOC0000000000221678",
      "uid": "ROT0000000007527483"
    },
    {
      "type": "Burried",
      "name": "VT1494 >> VT1554",
      "locationA": "LOC0000000000221492",
      "locationZ": "LOC0000000000221676",
      "uid": "ROT0000000007461267"
    },
    {
      "type": "Burried",
      "name": "VT1495 >> L-94D",
      "locationA": "LOC0000000000221493",
      "locationZ": "LOC0000000000059672",
      "uid": "ROT0000000007426632"
    },
    {
      "type": "Burried",
      "name": "VT1554 >> L-94C",
      "locationA": "LOC0000000000221676",
      "locationZ": "LOC0000000000059676",
      "uid": "ROT0000000007394418"
    },
    {
      "type": "Burried",
      "name": "VT1556 >> VT1492",
      "locationA": "LOC0000000000221678",
      "locationZ": "LOC0000000000221490",
      "uid": "ROT0000000007361483"
    },
    {
      "type": "Burried",
      "name": "VT1558 >> T-19",
      "locationA": "LOC0000000000221680",
      "locationZ": "LOC0000000000059303",
      "uid": "ROT0000000007396082"
    },
    {
      "type": "Burried",
      "name": "VT2304 >> MS291",
      "locationA": "LOC0000000000226815",
      "locationZ": "LOC0000000000313096",
      "uid": "ROT0000000007314161"
    },
    {
      "type": "Burried",
      "name": "VT678 >> MS338",
      "locationA": "LOC0000000000219169",
      "locationZ": "LOC0000000000314636",
      "uid": "ROT0000000007477327"
    },
    {
      "type": "Burried",
      "name": "VT678 >> VT682",
      "locationA": "LOC0000000000219169",
      "locationZ": "LOC0000000000219173",
      "uid": "ROT0000000007477326"
    },
    {
      "type": "Burried",
      "name": "VT68 >> VT678",
      "locationA": "LOC0000000000211441",
      "locationZ": "LOC0000000000219169",
      "uid": "ROT0000000007413410"
    },
    {
      "type": "Burried",
      "name": "VT680 >> VT68",
      "locationA": "LOC0000000000219171",
      "locationZ": "LOC0000000000211441",
      "uid": "ROT0000000007407740"
    },
    {
      "type": "Burried",
      "name": "VT680 >> VT681",
      "locationA": "LOC0000000000219171",
      "locationZ": "LOC0000000000219172",
      "uid": "ROT0000000007407741"
    },
    {
      "type": "Burried",
      "name": "VT681 >> VT679",
      "locationA": "LOC0000000000219172",
      "locationZ": "LOC0000000000219170",
      "uid": "ROT0000000007438457"
    },
    {
      "type": "Burried",
      "name": "VT684 >> L-18",
      "locationA": "LOC0000000000219175",
      "locationZ": "LOC0000000000147349",
      "uid": "ROT0000000007443648"
    },
    {
      "type": "Burried",
      "name": "VT684 >> VT685",
      "locationA": "LOC0000000000219175",
      "locationZ": "LOC0000000000219176",
      "uid": "ROT0000000007443649"
    },
    {
      "type": "Burried",
      "name": "VT686 >> BA129",
      "locationA": "LOC0000000000219178",
      "locationZ": "LOC0000000000003408",
      "uid": "ROT0000000007293986"
    },
    {
      "type": "Burried",
      "name": "VT686 >> PD483",
      "locationA": "LOC0000000000219178",
      "locationZ": "LOC0000000000219177",
      "uid": "ROT0000000007293984"
    },
    {
      "type": "Burried",
      "name": "VT686 >> VT685",
      "locationA": "LOC0000000000219178",
      "locationZ": "LOC0000000000219176",
      "uid": "ROT0000000007293985"
    },
    {
      "type": "Burried",
      "name": "VT687 >> LB132",
      "locationA": "LOC0000000000219179",
      "locationZ": "LOC0000000000203563",
      "uid": "ROT0000000007415773"
    },
    {
      "type": "Conduct",
      "name": "L-25 >> MS290",
      "locationA": "LOC0000000000145826",
      "locationZ": "LOC0000000000313095",
      "uid": "ROT0000000007481910"
    },
    {
      "type": "Conduct",
      "name": "MS290 >> VT2303",
      "locationA": "LOC0000000000313095",
      "locationZ": "LOC0000000000226814",
      "uid": "ROT0000000007319328"
    },
    {
      "type": "Conduct",
      "name": "MS338 >> PD116",
      "locationA": "LOC0000000000314636",
      "locationZ": "LOC0000000000210098",
      "uid": "ROT0000000007491357"
    },
    {
      "type": "Conduct",
      "name": "MS339 >> MS337",
      "locationA": "LOC0000000000314637",
      "locationZ": "LOC0000000000314635",
      "uid": "ROT0000000007478895"
    },
    {
      "type": "Conduct",
      "name": "PD117 >> MS336",
      "locationA": "LOC0000000000210099",
      "locationZ": "LOC0000000000314634",
      "uid": "ROT0000000007494071"
    },
    {
      "type": "Conduct",
      "name": "VT2303 >> VT2304",
      "locationA": "LOC0000000000226814",
      "locationZ": "LOC0000000000226815",
      "uid": "ROT0000000007430620"
    },
    {
      "type": "No Support",
      "name": "L-13 >> L-13S",
      "locationA": "LOC0000000000059304",
      "locationZ": "LOC0000000000059664",
      "uid": "ROT0000000007315935"
    },
    {
      "type": "No Support",
      "name": "L-18 >> NT",
      "locationA": "LOC0000000000059137",
      "locationZ": "LOC0000000000060889",
      "uid": "ROT0000000007301592"
    },
    {
      "type": "No Support",
      "name": "L-2 >> L-2.5",
      "locationA": "LOC0000000000059666",
      "locationZ": "LOC0000000000059815",
      "uid": "ROT0000000007366209"
    },
    {
      "type": "No Support",
      "name": "L-2.5 >> L-3",
      "locationA": "LOC0000000000059815",
      "locationZ": "LOC0000000000059849",
      "uid": "ROT0000000007520243"
    },
    {
      "type": "No Support",
      "name": "L-25 >> L-26",
      "locationA": "LOC0000000000145826",
      "locationZ": "LOC0000000000145833",
      "uid": "ROT0000000007481911"
    },
    {
      "type": "No Support",
      "name": "L-26 >> L-27",
      "locationA": "LOC0000000000145833",
      "locationZ": "LOC0000000000145834",
      "uid": "ROT0000000007419799"
    },
    {
      "type": "No Support",
      "name": "L-27 >> L-28",
      "locationA": "LOC0000000000145834",
      "locationZ": "LOC0000000000145835",
      "uid": "ROT0000000007326446"
    },
    {
      "type": "No Support",
      "name": "L-3 >> L-4",
      "locationA": "LOC0000000000059849",
      "locationZ": "LOC0000000000059987",
      "uid": "ROT0000000007455764"
    },
    {
      "type": "No Support",
      "name": "L-4 >> L-5",
      "locationA": "LOC0000000000059987",
      "locationZ": "LOC0000000000059671",
      "uid": "ROT0000000007446022"
    },
    {
      "type": "No Support",
      "name": "L-NT >> L-93.5",
      "locationA": "LOC0000000000059657",
      "locationZ": "LOC0000000000059844",
      "uid": "ROT0000000007521982"
    },
    {
      "type": "No Support",
      "name": "LB1936 >> NT",
      "locationA": "LOC0000000000212886",
      "locationZ": "LOC0000000000064813",
      "uid": "ROT0000000007462501"
    },
    {
      "type": "No Support",
      "name": "NT >> NT",
      "locationA": "LOC0000000000060889",
      "locationZ": "LOC0000000000060888",
      "uid": "ROT0000000007512657"
    },
    {
      "type": "No Support",
      "name": "NT >> NT",
      "locationA": "LOC0000000000065025",
      "locationZ": "LOC0000000000064813",
      "uid": "ROT0000000007519510"
    },
    {
      "type": "No Support",
      "name": "NT >> NT",
      "locationA": "LOC0000000000065025",
      "locationZ": "LOC0000000000065024",
      "uid": "ROT0000000007519509"
    },
    {
      "type": "No Support",
      "name": "NT >> NT",
      "locationA": "LOC0000000000065024",
      "locationZ": "LOC0000000000060890",
      "uid": "ROT0000000007334719"
    },
    {
      "type": "No Support",
      "name": "NT >> NT",
      "locationA": "LOC0000000000060886",
      "locationZ": "LOC0000000000060890",
      "uid": "ROT0000000007323239"
    },
    {
      "type": "No Support",
      "name": "NT >> NT",
      "locationA": "LOC0000000000065024",
      "locationZ": "LOC0000000000065023",
      "uid": "ROT0000000007334718"
    },
    {
      "type": "No Support",
      "name": "NT >> NT",
      "locationA": "LOC0000000000060888",
      "locationZ": "LOC0000000000060887",
      "uid": "ROT0000000007337695"
    },
    {
      "type": "No Support",
      "name": "NT >> NT",
      "locationA": "LOC0000000000065022",
      "locationZ": "LOC0000000000065023",
      "uid": "ROT0000000007330947"
    },
    {
      "type": "No Support",
      "name": "NT >> NT",
      "locationA": "LOC0000000000065022",
      "locationZ": "LOC0000000000065021",
      "uid": "ROT0000000007330948"
    },
    {
      "type": "No Support",
      "name": "NT >> NT",
      "locationA": "LOC0000000000065021",
      "locationZ": "LOC0000000000064891",
      "uid": "ROT0000000007448761"
    },
    {
      "type": "No Support",
      "name": "NT >> PL43",
      "locationA": "LOC0000000000064891",
      "locationZ": "LOC0000000000064890",
      "uid": "ROT0000000007417996"
    },
    {
      "type": "No Support",
      "name": "NT >> VT1488",
      "locationA": "LOC0000000000060887",
      "locationZ": "LOC0000000000221483",
      "uid": "ROT0000000007385855"
    },
    {
      "type": "No Support",
      "name": "PL38 >> PL39",
      "locationA": "LOC0000000000064885",
      "locationZ": "LOC0000000000064886",
      "uid": "ROT0000000007313663"
    },
    {
      "type": "No Support",
      "name": "PL40 >> PL39",
      "locationA": "LOC0000000000064887",
      "locationZ": "LOC0000000000064886",
      "uid": "ROT0000000007369433"
    },
    {
      "type": "No Support",
      "name": "PL41 >> PL40",
      "locationA": "LOC0000000000064888",
      "locationZ": "LOC0000000000064887",
      "uid": "ROT0000000007507626"
    },
    {
      "type": "No Support",
      "name": "PL42 >> PL41",
      "locationA": "LOC0000000000064889",
      "locationZ": "LOC0000000000064888",
      "uid": "ROT0000000007352601"
    },
    {
      "type": "No Support",
      "name": "PL43 >> PL42",
      "locationA": "LOC0000000000064890",
      "locationZ": "LOC0000000000064889",
      "uid": "ROT0000000007461535"
    },
    {
      "type": "No Support",
      "name": "VT1488 >> NT",
      "locationA": "LOC0000000000221483",
      "locationZ": "LOC0000000000060886",
      "uid": "ROT0000000007511756"
    },
    {
      "type": "Supported",
      "name": "L-1 >> L-1.5",
      "locationA": "LOC0000000000059834",
      "locationZ": "LOC0000000000059839",
      "uid": "ROT0000000007330804"
    },
    {
      "type": "Supported",
      "name": "L-1 >> L-13",
      "locationA": "LOC0000000000059157",
      "locationZ": "LOC0000000000059304",
      "uid": "ROT0000000007343863"
    },
    {
      "type": "Supported",
      "name": "L-1 >> L-2",
      "locationA": "LOC0000000000196596",
      "locationZ": "LOC0000000000196242",
      "uid": "ROT0000000007509231"
    },
    {
      "type": "Supported",
      "name": "L-1 >> L-86",
      "locationA": "LOC0000000000196596",
      "locationZ": "LOC0000000000196241",
      "uid": "ROT0000000007509230"
    },
    {
      "type": "Supported",
      "name": "L-1 >> T-94",
      "locationA": "LOC0000000000059834",
      "locationZ": "LOC0000000000059674",
      "uid": "ROT0000000007330803"
    },
    {
      "type": "Supported",
      "name": "L-1.5 >> L-2",
      "locationA": "LOC0000000000059839",
      "locationZ": "LOC0000000000059666",
      "uid": "ROT0000000007478842"
    },
    {
      "type": "Supported",
      "name": "L-10 >> L-11",
      "locationA": "LOC0000000000196250",
      "locationZ": "LOC0000000000044930",
      "uid": "ROT0000000007430862"
    },
    {
      "type": "Supported",
      "name": "L-10 >> L-11",
      "locationA": "LOC0000000000059150",
      "locationZ": "LOC0000000000059146",
      "uid": "ROT0000000007471226"
    },
    {
      "type": "Supported",
      "name": "L-11 >> L-12",
      "locationA": "LOC0000000000059146",
      "locationZ": "LOC0000000000059144",
      "uid": "ROT0000000007305830"
    },
    {
      "type": "Supported",
      "name": "L-11 >> L-12",
      "locationA": "LOC0000000000044930",
      "locationZ": "LOC0000000000196251",
      "uid": "ROT0000000007521471"
    },
    {
      "type": "Supported",
      "name": "L-11 >> L-NT",
      "locationA": "LOC0000000000059847",
      "locationZ": "LOC0000000000059298",
      "uid": "ROT0000000007403246"
    },
    {
      "type": "Supported",
      "name": "L-12 >> L-11",
      "locationA": "LOC0000000000059297",
      "locationZ": "LOC0000000000059847",
      "uid": "ROT0000000007434742"
    },
    {
      "type": "Supported",
      "name": "L-12 >> L-13",
      "locationA": "LOC0000000000059144",
      "locationZ": "LOC0000000000059143",
      "uid": "ROT0000000007534200"
    },
    {
      "type": "Supported",
      "name": "L-12 >> T-13",
      "locationA": "LOC0000000000196251",
      "locationZ": "LOC0000000000196252",
      "uid": "ROT0000000007434329"
    },
    {
      "type": "Supported",
      "name": "L-13 >> L-12",
      "locationA": "LOC0000000000059304",
      "locationZ": "LOC0000000000059297",
      "uid": "ROT0000000007315936"
    },
    {
      "type": "Supported",
      "name": "L-14 >> L-13",
      "locationA": "LOC0000000000059675",
      "locationZ": "LOC0000000000059304",
      "uid": "ROT0000000007299816"
    },
    {
      "type": "Supported",
      "name": "L-14 >> L-13",
      "locationA": "LOC0000000000059140",
      "locationZ": "LOC0000000000059143",
      "uid": "ROT0000000007317830"
    },
    {
      "type": "Supported",
      "name": "L-15 >> L-14",
      "locationA": "LOC0000000000059148",
      "locationZ": "LOC0000000000059140",
      "uid": "ROT0000000007449271"
    },
    {
      "type": "Supported",
      "name": "L-15A >> L-NT",
      "locationA": "LOC0000000000059292",
      "locationZ": "LOC0000000000059670",
      "uid": "ROT0000000007432029"
    },
    {
      "type": "Supported",
      "name": "L-16 >> L-15",
      "locationA": "LOC0000000000059138",
      "locationZ": "LOC0000000000059148",
      "uid": "ROT0000000007533024"
    },
    {
      "type": "Supported",
      "name": "L-16 >> L-NT",
      "locationA": "LOC0000000000059667",
      "locationZ": "LOC0000000000059670",
      "uid": "ROT0000000007459548"
    },
    {
      "type": "Supported",
      "name": "L-17 >> L-16",
      "locationA": "LOC0000000000059149",
      "locationZ": "LOC0000000000059138",
      "uid": "ROT0000000007521349"
    },
    {
      "type": "Supported",
      "name": "L-18 >> L-17",
      "locationA": "LOC0000000000059137",
      "locationZ": "LOC0000000000059149",
      "uid": "ROT0000000007301593"
    },
    {
      "type": "Supported",
      "name": "L-18 >> L-19",
      "locationA": "LOC0000000000059137",
      "locationZ": "LOC0000000000059141",
      "uid": "ROT0000000007301591"
    },
    {
      "type": "Supported",
      "name": "L-18 >> L-NT",
      "locationA": "LOC0000000000059302",
      "locationZ": "LOC0000000000059668",
      "uid": "ROT0000000007480049"
    },
    {
      "type": "Supported",
      "name": "L-19 >> L-20",
      "locationA": "LOC0000000000059141",
      "locationZ": "LOC0000000000145832",
      "uid": "ROT0000000007326468"
    },
    {
      "type": "Supported",
      "name": "L-2 >> L-1",
      "locationA": "LOC0000000000059840",
      "locationZ": "LOC0000000000059157",
      "uid": "ROT0000000007518526"
    },
    {
      "type": "Supported",
      "name": "L-2 >> L-2A",
      "locationA": "LOC0000000000059666",
      "locationZ": "LOC0000000000059836",
      "uid": "ROT0000000007366210"
    },
    {
      "type": "Supported",
      "name": "L-2 >> L-3",
      "locationA": "LOC0000000000196242",
      "locationZ": "LOC0000000000196243",
      "uid": "ROT0000000007461248"
    },
    {
      "type": "Supported",
      "name": "L-21 >> L-20",
      "locationA": "LOC0000000000145831",
      "locationZ": "LOC0000000000145832",
      "uid": "ROT0000000007511768"
    },
    {
      "type": "Supported",
      "name": "L-21 >> L-22",
      "locationA": "LOC0000000000145831",
      "locationZ": "LOC0000000000145830",
      "uid": "ROT0000000007511769"
    },
    {
      "type": "Supported",
      "name": "L-23 >> L-22",
      "locationA": "LOC0000000000145829",
      "locationZ": "LOC0000000000145830",
      "uid": "ROT0000000007529587"
    },
    {
      "type": "Supported",
      "name": "L-24 >> L-23",
      "locationA": "LOC0000000000145828",
      "locationZ": "LOC0000000000145829",
      "uid": "ROT0000000007520454"
    },
    {
      "type": "Supported",
      "name": "L-25 >> NT",
      "locationA": "LOC0000000000145826",
      "locationZ": "LOC0000000000145827",
      "uid": "ROT0000000007481912"
    },
    {
      "type": "Supported",
      "name": "L-28 >> L-29",
      "locationA": "LOC0000000000145835",
      "locationZ": "LOC0000000000145836",
      "uid": "ROT0000000007439440"
    },
    {
      "type": "Supported",
      "name": "L-28 >> LB651",
      "locationA": "LOC0000000000145835",
      "locationZ": "LOC0000000000204963",
      "uid": "ROT0000000007439439"
    },
    {
      "type": "Supported",
      "name": "L-29 >> L-30",
      "locationA": "LOC0000000000145836",
      "locationZ": "LOC0000000000147464",
      "uid": "ROT0000000007522290"
    },
    {
      "type": "Supported",
      "name": "L-2A >> L-2B",
      "locationA": "LOC0000000000059836",
      "locationZ": "LOC0000000000059312",
      "uid": "ROT0000000007527658"
    },
    {
      "type": "Supported",
      "name": "L-2B >> L-2C",
      "locationA": "LOC0000000000059312",
      "locationZ": "LOC0000000000059658",
      "uid": "ROT0000000007355323"
    },
    {
      "type": "Supported",
      "name": "L-2C >> L-2D",
      "locationA": "LOC0000000000059658",
      "locationZ": "LOC0000000000059678",
      "uid": "ROT0000000007373332"
    },
    {
      "type": "Supported",
      "name": "L-2D >> L-2E",
      "locationA": "LOC0000000000059678",
      "locationZ": "LOC0000000000059316",
      "uid": "ROT0000000007415317"
    },
    {
      "type": "Supported",
      "name": "L-3 >> L-2",
      "locationA": "LOC0000000000059311",
      "locationZ": "LOC0000000000059840",
      "uid": "ROT0000000007512257"
    },
    {
      "type": "Supported",
      "name": "L-3 >> L-4",
      "locationA": "LOC0000000000196243",
      "locationZ": "LOC0000000000196244",
      "uid": "ROT0000000007514399"
    },
    {
      "type": "Supported",
      "name": "L-3 >> L-4",
      "locationA": "LOC0000000000059665",
      "locationZ": "LOC0000000000059663",
      "uid": "ROT0000000007428384"
    },
    {
      "type": "Supported",
      "name": "L-30 >> L-30.5",
      "locationA": "LOC0000000000147464",
      "locationZ": "LOC0000000000081345",
      "uid": "ROT0000000007448911"
    },
    {
      "type": "Supported",
      "name": "L-30.5 >> L-31",
      "locationA": "LOC0000000000081345",
      "locationZ": "LOC0000000000147465",
      "uid": "ROT0000000007384082"
    },
    {
      "type": "Supported",
      "name": "L-4 >> L-3",
      "locationA": "LOC0000000000059659",
      "locationZ": "LOC0000000000059311",
      "uid": "ROT0000000007326257"
    },
    {
      "type": "Supported",
      "name": "L-4 >> L-5",
      "locationA": "LOC0000000000059663",
      "locationZ": "LOC0000000000059315",
      "uid": "ROT0000000007498102"
    },
    {
      "type": "Supported",
      "name": "L-4 >> L-5",
      "locationA": "LOC0000000000196244",
      "locationZ": "LOC0000000000196245",
      "uid": "ROT0000000007300418"
    },
    {
      "type": "Supported",
      "name": "L-5 >> L-4",
      "locationA": "LOC0000000000059680",
      "locationZ": "LOC0000000000059659",
      "uid": "ROT0000000007378267"
    },
    {
      "type": "Supported",
      "name": "L-5 >> L-5A",
      "locationA": "LOC0000000000059315",
      "locationZ": "LOC0000000000059845",
      "uid": "ROT0000000007343835"
    },
    {
      "type": "Supported",
      "name": "L-5 >> L-6",
      "locationA": "LOC0000000000196245",
      "locationZ": "LOC0000000000196246",
      "uid": "ROT0000000007459176"
    },
    {
      "type": "Supported",
      "name": "L-5 >> L-NT",
      "locationA": "LOC0000000000059315",
      "locationZ": "LOC0000000000059300",
      "uid": "ROT0000000007343834"
    },
    {
      "type": "Supported",
      "name": "L-5A >> L-5B",
      "locationA": "LOC0000000000059845",
      "locationZ": "LOC0000000000059650",
      "uid": "ROT0000000007452205"
    },
    {
      "type": "Supported",
      "name": "L-6 >> L-5",
      "locationA": "LOC0000000000059649",
      "locationZ": "LOC0000000000059680",
      "uid": "ROT0000000007434358"
    },
    {
      "type": "Supported",
      "name": "L-6 >> L-7",
      "locationA": "LOC0000000000059649",
      "locationZ": "LOC0000000000059147",
      "uid": "ROT0000000007434357"
    },
    {
      "type": "Supported",
      "name": "L-6 >> L-7",
      "locationA": "LOC0000000000196246",
      "locationZ": "LOC0000000000196247",
      "uid": "ROT0000000007448949"
    },
    {
      "type": "Supported",
      "name": "L-7 >> L-8",
      "locationA": "LOC0000000000059855",
      "locationZ": "LOC0000000000059816",
      "uid": "ROT0000000007501940"
    },
    {
      "type": "Supported",
      "name": "L-7 >> L-8",
      "locationA": "LOC0000000000196247",
      "locationZ": "LOC0000000000196248",
      "uid": "ROT0000000007366042"
    },
    {
      "type": "Supported",
      "name": "L-7 >> L-8",
      "locationA": "LOC0000000000059147",
      "locationZ": "LOC0000000000059139",
      "uid": "ROT0000000007310820"
    },
    {
      "type": "Supported",
      "name": "L-8 >> L-9",
      "locationA": "LOC0000000000196248",
      "locationZ": "LOC0000000000196249",
      "uid": "ROT0000000007479377"
    },
    {
      "type": "Supported",
      "name": "L-8 >> L-9",
      "locationA": "LOC0000000000059139",
      "locationZ": "LOC0000000000059142",
      "uid": "ROT0000000007319351"
    },
    {
      "type": "Supported",
      "name": "L-85 >> L-86",
      "locationA": "LOC0000000000196240",
      "locationZ": "LOC0000000000196241",
      "uid": "ROT0000000007336923"
    },
    {
      "type": "Supported",
      "name": "L-86 >> L-87",
      "locationA": "LOC0000000000196241",
      "locationZ": "LOC0000000000058421",
      "uid": "ROT0000000007416080"
    },
    {
      "type": "Supported",
      "name": "L-87 >> L-88",
      "locationA": "LOC0000000000058421",
      "locationZ": "LOC0000000000059799",
      "uid": "ROT0000000007361500"
    },
    {
      "type": "Supported",
      "name": "L-88 >> L-89",
      "locationA": "LOC0000000000059799",
      "locationZ": "LOC0000000000058286",
      "uid": "ROT0000000007437142"
    },
    {
      "type": "Supported",
      "name": "L-9 >> L-10",
      "locationA": "LOC0000000000196249",
      "locationZ": "LOC0000000000196250",
      "uid": "ROT0000000007480403"
    },
    {
      "type": "Supported",
      "name": "L-9 >> L-10",
      "locationA": "LOC0000000000059142",
      "locationZ": "LOC0000000000059150",
      "uid": "ROT0000000007448671"
    },
    {
      "type": "Supported",
      "name": "L-9 >> L-8",
      "locationA": "LOC0000000000059662",
      "locationZ": "LOC0000000000059816",
      "uid": "ROT0000000007492799"
    },
    {
      "type": "Supported",
      "name": "L-94B >> L-94A",
      "locationA": "LOC0000000000059988",
      "locationZ": "LOC0000000000059655",
      "uid": "ROT0000000007504138"
    },
    {
      "type": "Supported",
      "name": "L-94C >> L-94B",
      "locationA": "LOC0000000000059676",
      "locationZ": "LOC0000000000059988",
      "uid": "ROT0000000007493675"
    },
    {
      "type": "Supported",
      "name": "L-94D >> L-94G",
      "locationA": "LOC0000000000059672",
      "locationZ": "LOC0000000000059852",
      "uid": "ROT0000000007436042"
    },
    {
      "type": "Supported",
      "name": "L-94G >> L-94H",
      "locationA": "LOC0000000000059852",
      "locationZ": "LOC0000000000059301",
      "uid": "ROT0000000007358464"
    },
    {
      "type": "Supported",
      "name": "L-94H >> L-94J",
      "locationA": "LOC0000000000059301",
      "locationZ": "LOC0000000000059160",
      "uid": "ROT0000000007534819"
    },
    {
      "type": "Supported",
      "name": "L-94J >> L-94K",
      "locationA": "LOC0000000000059160",
      "locationZ": "LOC0000000000059838",
      "uid": "ROT0000000007444431"
    },
    {
      "type": "Supported",
      "name": "L-94K >> L-94L",
      "locationA": "LOC0000000000059838",
      "locationZ": "LOC0000000000059837",
      "uid": "ROT0000000007338420"
    },
    {
      "type": "Supported",
      "name": "L-94L >> L-94M",
      "locationA": "LOC0000000000059837",
      "locationZ": "LOC0000000000059814",
      "uid": "ROT0000000007410218"
    },
    {
      "type": "Supported",
      "name": "L-94M >> L-94N",
      "locationA": "LOC0000000000059814",
      "locationZ": "LOC0000000000059853",
      "uid": "ROT0000000007319323"
    },
    {
      "type": "Supported",
      "name": "L-94N >> L-94NB",
      "locationA": "LOC0000000000059853",
      "locationZ": "LOC0000000000059154",
      "uid": "ROT0000000007308594"
    },
    {
      "type": "Supported",
      "name": "L-94O >> L-94N",
      "locationA": "LOC0000000000059310",
      "locationZ": "LOC0000000000059853",
      "uid": "ROT0000000007334731"
    },
    {
      "type": "Supported",
      "name": "L-94O >> L-94P",
      "locationA": "LOC0000000000059310",
      "locationZ": "LOC0000000000059151",
      "uid": "ROT0000000007334730"
    },
    {
      "type": "Supported",
      "name": "L-94P >> L-94Q",
      "locationA": "LOC0000000000059151",
      "locationZ": "LOC0000000000059145",
      "uid": "ROT0000000007295246"
    },
    {
      "type": "Supported",
      "name": "L-NT >> L-14",
      "locationA": "LOC0000000000059670",
      "locationZ": "LOC0000000000059675",
      "uid": "ROT0000000007535058"
    },
    {
      "type": "Supported",
      "name": "L-NT >> L-16",
      "locationA": "LOC0000000000059668",
      "locationZ": "LOC0000000000059667",
      "uid": "ROT0000000007334243"
    },
    {
      "type": "Supported",
      "name": "L-NT >> L-7",
      "locationA": "LOC0000000000059300",
      "locationZ": "LOC0000000000059855",
      "uid": "ROT0000000007435645"
    },
    {
      "type": "Supported",
      "name": "L-NT >> L-9",
      "locationA": "LOC0000000000059298",
      "locationZ": "LOC0000000000059662",
      "uid": "ROT0000000007373611"
    },
    {
      "type": "Supported",
      "name": "L-NT >> L-91",
      "locationA": "LOC0000000000059651",
      "locationZ": "LOC0000000000059682",
      "uid": "ROT0000000007450070"
    },
    {
      "type": "Supported",
      "name": "L-NT >> L-NT",
      "locationA": "LOC0000000000059657",
      "locationZ": "LOC0000000000059651",
      "uid": "ROT0000000007521981"
    },
    {
      "type": "Supported",
      "name": "LB217 >> MS1084",
      "locationA": "LOC0000000000203562",
      "locationZ": "LOC0000000000315550",
      "uid": "ROT0000000007530496"
    },
    {
      "type": "Supported",
      "name": "LB217 >> MS1514",
      "locationA": "LOC0000000000203562",
      "locationZ": "LOC0000000000316555",
      "uid": "ROT0000000007530495"
    },
    {
      "type": "Supported",
      "name": "MS1084 >> MS1085",
      "locationA": "LOC0000000000315550",
      "locationZ": "LOC0000000000315551",
      "uid": "ROT0000000007481576"
    },
    {
      "type": "Supported",
      "name": "MS1086 >> MS3774",
      "locationA": "LOC0000000000315552",
      "locationZ": "LOC0000000000325479",
      "uid": "ROT0000000007408591"
    },
    {
      "type": "Supported",
      "name": "MS1514 >> MS1086",
      "locationA": "LOC0000000000316555",
      "locationZ": "LOC0000000000315552",
      "uid": "ROT0000000007442858"
    },
    {
      "type": "Supported",
      "name": "MS2146 >> MS1085",
      "locationA": "LOC0000000000320856",
      "locationZ": "LOC0000000000315551",
      "uid": "ROT0000000007332370"
    },
    {
      "type": "Supported",
      "name": "MS3774 >> LB651",
      "locationA": "LOC0000000000325479",
      "locationZ": "LOC0000000000204963",
      "uid": "ROT0000000007334102"
    },
    {
      "type": "Supported",
      "name": "NT >> L-24",
      "locationA": "LOC0000000000145827",
      "locationZ": "LOC0000000000145828",
      "uid": "ROT0000000007439435"
    },
    {
      "type": "Supported",
      "name": "T-13 >> T-14",
      "locationA": "LOC0000000000196252",
      "locationZ": "LOC0000000000196265",
      "uid": "ROT0000000007423157"
    },
    {
      "type": "Supported",
      "name": "T-19 >> L-18",
      "locationA": "LOC0000000000059303",
      "locationZ": "LOC0000000000059302",
      "uid": "ROT0000000007533781"
    },
    {
      "type": "Supported",
      "name": "T-90 >> L-89",
      "locationA": "LOC0000000000059835",
      "locationZ": "LOC0000000000058286",
      "uid": "ROT0000000007324540"
    },
    {
      "type": "Supported",
      "name": "T-90 >> L-91",
      "locationA": "LOC0000000000059835",
      "locationZ": "LOC0000000000059682",
      "uid": "ROT0000000007324539"
    },
    {
      "type": "Supported",
      "name": "T-94 >> L-94A",
      "locationA": "LOC0000000000059674",
      "locationZ": "LOC0000000000059655",
      "uid": "ROT0000000007369171"
    },
    {
      "type": "Supported",
      "name": "T-94 >> L-NT",
      "locationA": "LOC0000000000059674",
      "locationZ": "LOC0000000000059657",
      "uid": "ROT0000000007369172"
    },
    {
      "type": "Wall Supported",
      "name": "BA129 >> LB1685",
      "locationA": "LOC0000000000003408",
      "locationZ": "LOC0000000000209023",
      "uid": "ROT0000000007485225"
    }
  ]
}