{
  "startEquipment": {
    "name": "NY69105",
    "locationUID": "LOC0000000001270090",
    "x": -73.9363522,
    "y": 41.1002674
  },
  "cell": {
    "name": "NY69105",
    "vertices": [
      -73.9335769,
      41.1016154,
      -73.9342037,
      41.1019906,
      -73.9346125,
      41.1021794,
      -73.9340328,
      41.1034706,
      -73.9339197,
      41.1040605,
      -73.9352296,
      41.1037479,
      -73.9357772,
      41.1025366,
      -73.9362444,
      41.1024369,
      -73.9370986,
      41.1024255,
      -73.9378641,
      41.1024041,
      -73.9404198,
      41.1024411,
      -73.9425117,
      41.0973429,
      -73.9403068,
      41.0967039,
      -73.9380053,
      41.0961214,
      -73.9378172,
      41.0976663,
      -73.9377875,
      41.0983579,
      -73.9376934,
      41.0990495,
      -73.932213,
      41.0984442,
      -73.9309805,
      41.0989959,
      -73.9299988,
      41.1000267,
      -73.9335769,
      41.1016154
    ]
  },
  "locations": [
    {
      "type": "Joint Pole",
      "name": "60797-40116",
      "x": -73.9348124,
      "y": 41.1010119,
      "uid": "LOC0000000001270099"
    },
    {
      "type": "Joint Pole",
      "name": "60926-40086",
      "x": -73.9364378,
      "y": 41.0997641,
      "uid": "LOC0000000001255639"
    },
    {
      "type": "Joint Pole",
      "name": "60927-40096",
      "x": -73.9363995,
      "y": 41.1000434,
      "uid": "LOC0000000001255633"
    },
    {
      "type": "Joint Pole",
      "name": "60928-40069",
      "x": -73.9363298,
      "y": 41.0993414,
      "uid": "LOC0000000001255647"
    },
    {
      "type": "Joint Pole",
      "name": "60929-40148",
      "x": -73.9359398,
      "y": 41.1014932,
      "uid": "LOC0000000001270112"
    },
    {
      "type": "Joint Pole",
      "name": "60930-40108",
      "x": -73.9363517,
      "y": 41.1002664,
      "uid": "LOC0000000001270090"
    },
    {
      "type": "Joint Pole",
      "name": "60930-40180",
      "x": -73.9362923,
      "y": 41.1023178,
      "uid": "LOC0000000001270096"
    },
    {
      "type": "Joint Pole",
      "name": "60932-40122",
      "x": -73.9362636,
      "y": 41.1007341,
      "uid": "LOC0000000001270091"
    },
    {
      "type": "Joint Pole",
      "name": "60933-40158",
      "x": -73.9361915,
      "y": 41.1017759,
      "uid": "LOC0000000001270094"
    },
    {
      "type": "Joint Pole",
      "name": "60934-40056",
      "x": -73.9362009,
      "y": 41.0990661,
      "uid": "LOC0000000001255653"
    },
    {
      "type": "Joint Pole",
      "name": "60934-40136",
      "x": -73.9361598,
      "y": 41.1011328,
      "uid": "LOC0000000001270092"
    },
    {
      "type": "Joint Pole",
      "name": "60934-40170",
      "x": -73.9362091,
      "y": 41.102113,
      "uid": "LOC0000000001270095"
    },
    {
      "type": "Joint Pole",
      "name": "60938-40059",
      "x": -73.9360049,
      "y": 41.099104,
      "uid": "LOC0000000001255800"
    },
    {
      "type": "Joint Pole",
      "name": "60947-40120",
      "x": -73.9358249,
      "y": 41.1008258,
      "uid": "LOC0000000001270097"
    },
    {
      "type": "Joint Pole",
      "name": "60948-40066",
      "x": -73.9358137,
      "y": 41.0991716,
      "uid": "LOC0000000001255814"
    },
    {
      "type": "Joint Pole",
      "name": "60962-40118",
      "x": -73.9353177,
      "y": 41.1009208,
      "uid": "LOC0000000001270098"
    },
    {
      "type": "Joint Pole",
      "name": "61006-40113",
      "x": -73.9336831,
      "y": 41.1008591,
      "uid": "LOC0000000001270101"
    },
    {
      "type": "Joint Pole",
      "name": "61011-40129",
      "x": -73.9335496,
      "y": 41.1012055,
      "uid": "LOC0000000001270106"
    },
    {
      "type": "Joint Pole",
      "name": "61037-40100",
      "x": -73.9326295,
      "y": 41.1007048,
      "uid": "LOC0000000001270103"
    },
    {
      "type": "Joint Pole",
      "name": "61041-40113",
      "x": -73.9323323,
      "y": 41.1009527,
      "uid": "LOC0000000001270104"
    },
    {
      "type": "Joint Pole",
      "name": "61093-40114",
      "x": -73.9341272,
      "y": 41.1009188,
      "uid": "LOC0000000001270100"
    },
    {
      "type": "Joint Pole",
      "name": "NT",
      "x": -73.9339614,
      "y": 41.1015153,
      "uid": "LOC0000000001270108"
    },
    {
      "type": "Joint Pole",
      "name": "NT",
      "x": -73.9335203,
      "y": 41.1014745,
      "uid": "LOC0000000001270107"
    },
    {
      "type": "Joint Pole",
      "name": "NT",
      "x": -73.9343989,
      "y": 41.1015557,
      "uid": "LOC0000000001270109"
    },
    {
      "type": "Joint Pole",
      "name": "NT",
      "x": -73.9352144,
      "y": 41.0993802,
      "uid": "LOC0000000001255834"
    },
    {
      "type": "Joint Pole",
      "name": "NT",
      "x": -73.9355451,
      "y": 41.0992603,
      "uid": "LOC0000000001255817"
    },
    {
      "type": "Joint Pole",
      "name": "NT",
      "x": -73.935374,
      "y": 41.0997003,
      "uid": "LOC0000000001255992"
    },
    {
      "type": "Joint Pole",
      "name": "NT",
      "x": -73.9352922,
      "y": 41.0996048,
      "uid": "LOC0000000001255967"
    },
    {
      "type": "Joint Pole",
      "name": "NT",
      "x": -73.935331,
      "y": 41.0992994,
      "uid": "LOC0000000001255823"
    },
    {
      "type": "Joint Pole",
      "name": "NT",
      "x": -73.9352161,
      "y": 41.0994711,
      "uid": "LOC0000000001255836"
    },
    {
      "type": "Joint Pole with Transformer",
      "name": "60934-40149",
      "x": -73.9361337,
      "y": 41.1014665,
      "uid": "LOC0000000001270093"
    },
    {
      "type": "Joint Pole with Transformer",
      "name": "61022-40106",
      "x": -73.9331803,
      "y": 41.1008043,
      "uid": "LOC0000000001270102"
    },
    {
      "type": "Lockbox",
      "name": "LB820",
      "x": -73.935645,
      "y": 41.1016584,
      "uid": "LOC0000000001287614"
    },
    {
      "type": "Lockbox",
      "name": "LB971",
      "x": -73.9353705,
      "y": 41.1028534,
      "uid": "LOC0000000001288145"
    },
    {
      "type": "Lockbox",
      "name": "LB972",
      "x": -73.9351969,
      "y": 41.1029629,
      "uid": "LOC0000000001288146"
    },
    {
      "type": "Lockbox",
      "name": "LB973",
      "x": -73.9352245,
      "y": 41.1032096,
      "uid": "LOC0000000001288147"
    },
    {
      "type": "Lockbox",
      "name": "LB974",
      "x": -73.9352391,
      "y": 41.1034277,
      "uid": "LOC0000000001288148"
    },
    {
      "type": "Lockbox",
      "name": "LB975",
      "x": -73.9348269,
      "y": 41.1036737,
      "uid": "LOC0000000001288149"
    },
    {
      "type": "Lockbox",
      "name": "LB976",
      "x": -73.9346017,
      "y": 41.1036785,
      "uid": "LOC0000000001288150"
    },
    {
      "type": "Lockbox",
      "name": "LB977",
      "x": -73.9343349,
      "y": 41.1036882,
      "uid": "LOC0000000001288151"
    },
    {
      "type": "MDU",
      "name": "BH37972",
      "x": -73.9345301,
      "y": 41.1035131,
      "uid": "LOC0000000054787030"
    },
    {
      "type": "MDU",
      "name": "BH43208",
      "x": -73.9358055,
      "y": 41.1017431,
      "uid": "LOC0000000054787735"
    },
    {
      "type": "MDU",
      "name": "BH43396",
      "x": -73.9356553,
      "y": 41.1017552,
      "uid": "LOC0000000054787734"
    },
    {
      "type": "MDU",
      "name": "BH48078",
      "x": -73.934402,
      "y": 41.0989722,
      "uid": "LOC0000000053444096"
    },
    {
      "type": "Mid Span Junction",
      "name": "MS164",
      "x": -73.9367696,
      "y": 41.1005843,
      "uid": "LOC0000000001296594"
    },
    {
      "type": "Mid Span Junction",
      "name": "MS2221",
      "x": -73.9359283,
      "y": 41.1016496,
      "uid": "LOC0000000001302300"
    },
    {
      "type": "Mid Span Junction",
      "name": "MS2236",
      "x": -73.9348434,
      "y": 41.1003943,
      "uid": "LOC0000000001302477"
    },
    {
      "type": "Mid Span Junction",
      "name": "MS2288",
      "x": -73.9347509,
      "y": 41.1000142,
      "uid": "LOC0000000001302818"
    },
    {
      "type": "Mid Span Junction",
      "name": "MS2289",
      "x": -73.9344826,
      "y": 41.0994919,
      "uid": "LOC0000000001302819"
    },
    {
      "type": "Mid Span Junction",
      "name": "MS860",
      "x": -73.9364047,
      "y": 41.1004912,
      "uid": "LOC0000000001298410"
    },
    {
      "type": "Mid Span Junction",
      "name": "MS861",
      "x": -73.9365224,
      "y": 41.1007185,
      "uid": "LOC0000000001298411"
    },
    {
      "type": "Pedestal",
      "name": "PD1626",
      "x": -73.9389692,
      "y": 41.0992738,
      "uid": "LOC0000000001284313"
    },
    {
      "type": "Pedestal",
      "name": "PD1627",
      "x": -73.9392144,
      "y": 41.0988682,
      "uid": "LOC0000000001284314"
    },
    {
      "type": "Pedestal",
      "name": "PD1628",
      "x": -73.9399273,
      "y": 41.0983263,
      "uid": "LOC0000000001284315"
    },
    {
      "type": "Pedestal",
      "name": "PD1629",
      "x": -73.9389679,
      "y": 41.0986998,
      "uid": "LOC0000000001284316"
    },
    {
      "type": "Pedestal",
      "name": "PD1630",
      "x": -73.9384007,
      "y": 41.0996512,
      "uid": "LOC0000000001284317"
    },
    {
      "type": "Pedestal",
      "name": "PD1631",
      "x": -73.9382364,
      "y": 41.0994858,
      "uid": "LOC0000000001284318"
    },
    {
      "type": "Pedestal",
      "name": "PD1632",
      "x": -73.937535,
      "y": 41.0998648,
      "uid": "LOC0000000001284319"
    },
    {
      "type": "Pedestal",
      "name": "PD2491",
      "x": -73.934596,
      "y": 41.0995081,
      "uid": "LOC0000000001288358"
    },
    {
      "type": "Pedestal",
      "name": "PD2492",
      "x": -73.9347576,
      "y": 41.0998355,
      "uid": "LOC0000000001288359"
    },
    {
      "type": "Pedestal",
      "name": "PD2493",
      "x": -73.9350089,
      "y": 41.1001902,
      "uid": "LOC0000000001288360"
    },
    {
      "type": "Pedestal",
      "name": "PD2803",
      "x": -73.9350178,
      "y": 41.1004936,
      "uid": "LOC0000000001291277"
    },
    {
      "type": "Pedestal",
      "name": "PD2804",
      "x": -73.9348293,
      "y": 41.1002366,
      "uid": "LOC0000000001291278"
    },
    {
      "type": "Pedestal",
      "name": "PD2805",
      "x": -73.9345948,
      "y": 41.1000418,
      "uid": "LOC0000000001291279"
    },
    {
      "type": "Pedestal",
      "name": "PD2806",
      "x": -73.9343401,
      "y": 41.0995417,
      "uid": "LOC0000000001291280"
    },
    {
      "type": "Pedestal",
      "name": "PD2807",
      "x": -73.934309,
      "y": 41.0991766,
      "uid": "LOC0000000001291281"
    },
    {
      "type": "Pedestal",
      "name": "PD2808",
      "x": -73.9337519,
      "y": 41.0989726,
      "uid": "LOC0000000001291282"
    },
    {
      "type": "Pedestal",
      "name": "PD2809",
      "x": -73.9332626,
      "y": 41.0991329,
      "uid": "LOC0000000001291283"
    },
    {
      "type": "Pedestal",
      "name": "PD2810",
      "x": -73.9331714,
      "y": 41.0994128,
      "uid": "LOC0000000001291284"
    },
    {
      "type": "Pedestal",
      "name": "PD2811",
      "x": -73.9328833,
      "y": 41.0994775,
      "uid": "LOC0000000001291285"
    },
    {
      "type": "Pedestal",
      "name": "PD2812",
      "x": -73.9346381,
      "y": 41.0996779,
      "uid": "LOC0000000001291286"
    },
    {
      "type": "Pedestal",
      "name": "PD2813",
      "x": -73.9347032,
      "y": 41.1004212,
      "uid": "LOC0000000001291287"
    },
    {
      "type": "Pedestal",
      "name": "PD2814",
      "x": -73.9345414,
      "y": 41.099852,
      "uid": "LOC0000000001291288"
    },
    {
      "type": "Pedestal",
      "name": "PD2815",
      "x": -73.9346499,
      "y": 41.1002265,
      "uid": "LOC0000000001291289"
    },
    {
      "type": "Pedestal",
      "name": "PD2816",
      "x": -73.9344143,
      "y": 41.0996975,
      "uid": "LOC0000000001291290"
    },
    {
      "type": "Pedestal",
      "name": "PD2817",
      "x": -73.9341065,
      "y": 41.099584,
      "uid": "LOC0000000001291291"
    },
    {
      "type": "Pedestal",
      "name": "PD2818",
      "x": -73.9333476,
      "y": 41.0992866,
      "uid": "LOC0000000001291292"
    },
    {
      "type": "Pedestal",
      "name": "PD2819",
      "x": -73.9332535,
      "y": 41.0995748,
      "uid": "LOC0000000001291293"
    },
    {
      "type": "Pedestal",
      "name": "PD2820",
      "x": -73.9327054,
      "y": 41.0994034,
      "uid": "LOC0000000001291294"
    },
    {
      "type": "Pedestal",
      "name": "PD2821",
      "x": -73.9332287,
      "y": 41.0989929,
      "uid": "LOC0000000001291295"
    },
    {
      "type": "Pedestal",
      "name": "PD2822",
      "x": -73.933932,
      "y": 41.0989093,
      "uid": "LOC0000000001291296"
    },
    {
      "type": "Pedestal",
      "name": "PD2823",
      "x": -73.9335822,
      "y": 41.0989382,
      "uid": "LOC0000000001291297"
    },
    {
      "type": "Pedestal",
      "name": "PD2824",
      "x": -73.9342526,
      "y": 41.0990338,
      "uid": "LOC0000000001291298"
    },
    {
      "type": "Pedestal",
      "name": "PD2825",
      "x": -73.9345013,
      "y": 41.0993408,
      "uid": "LOC0000000001291299"
    },
    {
      "type": "Pedestal",
      "name": "PD3898",
      "x": -73.9364971,
      "y": 41.1008475,
      "uid": "LOC0000000001293626"
    },
    {
      "type": "Pedestal",
      "name": "PD558",
      "x": -73.9369533,
      "y": 41.1005254,
      "uid": "LOC0000000001282975"
    },
    {
      "type": "SDU",
      "name": "BH29651",
      "x": -73.9345452,
      "y": 41.1003901,
      "uid": "LOC0000000053445048"
    },
    {
      "type": "SDU",
      "name": "BH30017",
      "x": -73.9373987,
      "y": 41.0996946,
      "uid": "LOC0000000053432614"
    },
    {
      "type": "SDU",
      "name": "BH30316",
      "x": -73.9341802,
      "y": 41.099674,
      "uid": "LOC0000000054795128"
    },
    {
      "type": "SDU",
      "name": "BH30786",
      "x": -73.9405191,
      "y": 41.0989359,
      "uid": "LOC0000000053432524"
    },
    {
      "type": "SDU",
      "name": "BH31353",
      "x": -73.9398064,
      "y": 41.097759,
      "uid": "LOC0000000048923656"
    },
    {
      "type": "SDU",
      "name": "BH32287",
      "x": -73.9341859,
      "y": 41.0994582,
      "uid": "LOC0000000054788712"
    },
    {
      "type": "SDU",
      "name": "BH33363",
      "x": -73.9404762,
      "y": 41.0982215,
      "uid": "LOC0000000049143863"
    },
    {
      "type": "SDU",
      "name": "BH33708",
      "x": -73.9341315,
      "y": 41.0994262,
      "uid": "LOC0000000053442736"
    },
    {
      "type": "SDU",
      "name": "BH34792",
      "x": -73.934073,
      "y": 41.0992743,
      "uid": "LOC0000000053442771"
    },
    {
      "type": "SDU",
      "name": "BH34897",
      "x": -73.9340988,
      "y": 41.0993441,
      "uid": "LOC0000000053442734"
    },
    {
      "type": "SDU",
      "name": "BH35675",
      "x": -73.9349741,
      "y": 41.1032656,
      "uid": "LOC0000000053437460"
    },
    {
      "type": "SDU",
      "name": "BH35699",
      "x": -73.9350944,
      "y": 41.1030838,
      "uid": "LOC0000000053437214"
    },
    {
      "type": "SDU",
      "name": "BH35733",
      "x": -73.9350454,
      "y": 41.1034476,
      "uid": "LOC0000000054794443"
    },
    {
      "type": "SDU",
      "name": "BH35806",
      "x": -73.9349746,
      "y": 41.1030562,
      "uid": "LOC0000000053437178"
    },
    {
      "type": "SDU",
      "name": "BH35833",
      "x": -73.9351022,
      "y": 41.1033533,
      "uid": "LOC0000000054794446"
    },
    {
      "type": "SDU",
      "name": "BH35936",
      "x": -73.9350076,
      "y": 41.1033377,
      "uid": "LOC0000000053437601"
    },
    {
      "type": "SDU",
      "name": "BH35948",
      "x": -73.935084,
      "y": 41.103154,
      "uid": "LOC0000000053437218"
    },
    {
      "type": "SDU",
      "name": "BH36011",
      "x": -73.9349753,
      "y": 41.1031254,
      "uid": "LOC0000000053437217"
    },
    {
      "type": "SDU",
      "name": "BH36049",
      "x": -73.9350861,
      "y": 41.1029449,
      "uid": "LOC0000000054794637"
    },
    {
      "type": "SDU",
      "name": "BH36155",
      "x": -73.9349778,
      "y": 41.102924,
      "uid": "LOC0000000053437028"
    },
    {
      "type": "SDU",
      "name": "BH36184",
      "x": -73.9336502,
      "y": 41.0991911,
      "uid": "LOC0000000053442971"
    },
    {
      "type": "SDU",
      "name": "BH36210",
      "x": -73.935082,
      "y": 41.103225,
      "uid": "LOC0000000053437437"
    },
    {
      "type": "SDU",
      "name": "BH36266",
      "x": -73.9350056,
      "y": 41.1030299,
      "uid": "LOC0000000054794636"
    },
    {
      "type": "SDU",
      "name": "BH36333",
      "x": -73.9349728,
      "y": 41.1031974,
      "uid": "LOC0000000053437451"
    },
    {
      "type": "SDU",
      "name": "BH36385",
      "x": -73.9350686,
      "y": 41.1032972,
      "uid": "LOC0000000054794621"
    },
    {
      "type": "SDU",
      "name": "BH36392",
      "x": -73.934977,
      "y": 41.1029901,
      "uid": "LOC0000000053437031"
    },
    {
      "type": "SDU",
      "name": "BH36451",
      "x": -73.9351591,
      "y": 41.102861,
      "uid": "LOC0000000054787395"
    },
    {
      "type": "SDU",
      "name": "BH36657",
      "x": -73.9350545,
      "y": 41.1028833,
      "uid": "LOC0000000054787384"
    },
    {
      "type": "SDU",
      "name": "BH36696",
      "x": -73.9337427,
      "y": 41.0991742,
      "uid": "LOC0000000053443028"
    },
    {
      "type": "SDU",
      "name": "BH36853",
      "x": -73.9352103,
      "y": 41.1028217,
      "uid": "LOC0000000053436896"
    },
    {
      "type": "SDU",
      "name": "BH36950",
      "x": -73.9350971,
      "y": 41.1028238,
      "uid": "LOC0000000053436932"
    },
    {
      "type": "SDU",
      "name": "BH37301",
      "x": -73.9344766,
      "y": 41.1034777,
      "uid": "LOC0000000054786955"
    },
    {
      "type": "SDU",
      "name": "BH37345",
      "x": -73.9342784,
      "y": 41.1035118,
      "uid": "LOC0000000053440137"
    },
    {
      "type": "SDU",
      "name": "BH37811",
      "x": -73.9345002,
      "y": 41.1035505,
      "uid": "LOC0000000054786954"
    },
    {
      "type": "SDU",
      "name": "BH37870",
      "x": -73.9344757,
      "y": 41.1035818,
      "uid": "LOC0000000053439781"
    },
    {
      "type": "SDU",
      "name": "BH37905",
      "x": -73.9345119,
      "y": 41.1034474,
      "uid": "LOC0000000054787028"
    },
    {
      "type": "SDU",
      "name": "BH37928",
      "x": -73.934369,
      "y": 41.1034937,
      "uid": "LOC0000000054786953"
    },
    {
      "type": "SDU",
      "name": "BH37991",
      "x": -73.9345151,
      "y": 41.1003222,
      "uid": "LOC0000000053445046"
    },
    {
      "type": "SDU",
      "name": "BH38028",
      "x": -73.9343668,
      "y": 41.1035421,
      "uid": "LOC0000000053440093"
    },
    {
      "type": "SDU",
      "name": "BH38076",
      "x": -73.9345834,
      "y": 41.1035838,
      "uid": "LOC0000000054787073"
    },
    {
      "type": "SDU",
      "name": "BH38093",
      "x": -73.9343728,
      "y": 41.1035937,
      "uid": "LOC0000000054786922"
    },
    {
      "type": "SDU",
      "name": "BH38162",
      "x": -73.9347019,
      "y": 41.1034194,
      "uid": "LOC0000000054787231"
    },
    {
      "type": "SDU",
      "name": "BH38166",
      "x": -73.9334875,
      "y": 41.0992575,
      "uid": "LOC0000000054788977"
    },
    {
      "type": "SDU",
      "name": "BH38238",
      "x": -73.9335641,
      "y": 41.099212,
      "uid": "LOC0000000053443030"
    },
    {
      "type": "SDU",
      "name": "BH38268",
      "x": -73.9347471,
      "y": 41.1034941,
      "uid": "LOC0000000053438822"
    },
    {
      "type": "SDU",
      "name": "BH38330",
      "x": -73.9347521,
      "y": 41.1035578,
      "uid": "LOC0000000053438927"
    },
    {
      "type": "SDU",
      "name": "BH38388",
      "x": -73.9350077,
      "y": 41.1034109,
      "uid": "LOC0000000053437786"
    },
    {
      "type": "SDU",
      "name": "BH38415",
      "x": -73.9346427,
      "y": 41.1034467,
      "uid": "LOC0000000053438930"
    },
    {
      "type": "SDU",
      "name": "BH38477",
      "x": -73.9346526,
      "y": 41.1035087,
      "uid": "LOC0000000053438948"
    },
    {
      "type": "SDU",
      "name": "BH38485",
      "x": -73.9348828,
      "y": 41.1034196,
      "uid": "LOC0000000054787233"
    },
    {
      "type": "SDU",
      "name": "BH38551",
      "x": -73.9349616,
      "y": 41.1035094,
      "uid": "LOC0000000054787201"
    },
    {
      "type": "SDU",
      "name": "BH38582",
      "x": -73.9346964,
      "y": 41.103579,
      "uid": "LOC0000000054787070"
    },
    {
      "type": "SDU",
      "name": "BH38683",
      "x": -73.9349551,
      "y": 41.1035505,
      "uid": "LOC0000000054787111"
    },
    {
      "type": "SDU",
      "name": "BH38780",
      "x": -73.9347979,
      "y": 41.1034502,
      "uid": "LOC0000000054787232"
    },
    {
      "type": "SDU",
      "name": "BH38835",
      "x": -73.9348681,
      "y": 41.1034831,
      "uid": "LOC0000000054787230"
    },
    {
      "type": "SDU",
      "name": "BH38933",
      "x": -73.9348812,
      "y": 41.1035679,
      "uid": "LOC0000000054787130"
    },
    {
      "type": "SDU",
      "name": "BH39265",
      "x": -73.937013,
      "y": 41.1006651,
      "uid": "LOC0000000053432773"
    },
    {
      "type": "SDU",
      "name": "BH39286",
      "x": -73.9366748,
      "y": 41.1004575,
      "uid": "LOC0000000053432792"
    },
    {
      "type": "SDU",
      "name": "BH39320",
      "x": -73.9342849,
      "y": 41.1034698,
      "uid": "LOC0000000054588577"
    },
    {
      "type": "SDU",
      "name": "BH39446",
      "x": -73.9334482,
      "y": 41.0995887,
      "uid": "LOC0000000053443138"
    },
    {
      "type": "SDU",
      "name": "BH39523",
      "x": -73.9365698,
      "y": 41.1008831,
      "uid": "LOC0000000048935207"
    },
    {
      "type": "SDU",
      "name": "BH39884",
      "x": -73.9342649,
      "y": 41.1035694,
      "uid": "LOC0000000054786939"
    },
    {
      "type": "SDU",
      "name": "BH40233",
      "x": -73.9334936,
      "y": 41.0995079,
      "uid": "LOC0000000053443135"
    },
    {
      "type": "SDU",
      "name": "BH40835",
      "x": -73.9330439,
      "y": 41.0989096,
      "uid": "LOC0000000053445349"
    },
    {
      "type": "SDU",
      "name": "BH41618",
      "x": -73.9333829,
      "y": 41.09975,
      "uid": "LOC0000000053443144"
    },
    {
      "type": "SDU",
      "name": "BH41933",
      "x": -73.9334144,
      "y": 41.0996682,
      "uid": "LOC0000000053443141"
    },
    {
      "type": "SDU",
      "name": "BH42395",
      "x": -73.9333373,
      "y": 41.0988524,
      "uid": "LOC0000000053445464"
    },
    {
      "type": "SDU",
      "name": "BH42661",
      "x": -73.9332439,
      "y": 41.0988759,
      "uid": "LOC0000000053445466"
    },
    {
      "type": "SDU",
      "name": "BH42815",
      "x": -73.9358246,
      "y": 41.1021701,
      "uid": "LOC0000000053435771"
    },
    {
      "type": "SDU",
      "name": "BH42862",
      "x": -73.9357529,
      "y": 41.1022262,
      "uid": "LOC0000000053435769"
    },
    {
      "type": "SDU",
      "name": "BH43233",
      "x": -73.933144,
      "y": 41.0988919,
      "uid": "LOC0000000053445484"
    },
    {
      "type": "SDU",
      "name": "BH43540",
      "x": -73.9364512,
      "y": 41.1013792,
      "uid": "LOC0000000053432954"
    },
    {
      "type": "SDU",
      "name": "BH43643",
      "x": -73.9364603,
      "y": 41.1016284,
      "uid": "LOC0000000053433134"
    },
    {
      "type": "SDU",
      "name": "BH43694",
      "x": -73.9335538,
      "y": 41.0988119,
      "uid": "LOC0000000053445370"
    },
    {
      "type": "SDU",
      "name": "BH44109",
      "x": -73.9378656,
      "y": 41.0994833,
      "uid": "LOC0000000053432555"
    },
    {
      "type": "SDU",
      "name": "BH44732",
      "x": -73.9344843,
      "y": 41.1002448,
      "uid": "LOC0000000053444997"
    },
    {
      "type": "SDU",
      "name": "BH44940",
      "x": -73.9334459,
      "y": 41.0988318,
      "uid": "LOC0000000053445463"
    },
    {
      "type": "SDU",
      "name": "BH45808",
      "x": -73.9342292,
      "y": 41.0988964,
      "uid": "LOC0000000053444078"
    },
    {
      "type": "SDU",
      "name": "BH45855",
      "x": -73.9341447,
      "y": 41.0988484,
      "uid": "LOC0000000053444077"
    },
    {
      "type": "SDU",
      "name": "BH46337",
      "x": -73.9340561,
      "y": 41.0988022,
      "uid": "LOC0000000053444060"
    },
    {
      "type": "SDU",
      "name": "BH46441",
      "x": -73.9339695,
      "y": 41.0987661,
      "uid": "LOC0000000053443937"
    },
    {
      "type": "SDU",
      "name": "BH46519",
      "x": -73.9336527,
      "y": 41.0987861,
      "uid": "LOC0000000053445367"
    },
    {
      "type": "SDU",
      "name": "BH46874",
      "x": -73.9368636,
      "y": 41.1017913,
      "uid": "LOC0000000053435721"
    },
    {
      "type": "SDU",
      "name": "BH47420",
      "x": -73.9344532,
      "y": 41.1001661,
      "uid": "LOC0000000048942347"
    },
    {
      "type": "SDU",
      "name": "BH47650",
      "x": -73.9345714,
      "y": 41.0992462,
      "uid": "LOC0000000053444709"
    },
    {
      "type": "SDU",
      "name": "BH48331",
      "x": -73.9345374,
      "y": 41.09917,
      "uid": "LOC0000000053444382"
    },
    {
      "type": "SDU",
      "name": "BH48634",
      "x": -73.9343139,
      "y": 41.0989385,
      "uid": "LOC0000000053444079"
    },
    {
      "type": "SDU",
      "name": "BH48826",
      "x": -73.9348402,
      "y": 41.0998003,
      "uid": "LOC0000000048942229"
    },
    {
      "type": "SDU",
      "name": "BH48930",
      "x": -73.9367756,
      "y": 41.1022977,
      "uid": "LOC0000000053435356"
    },
    {
      "type": "SDU",
      "name": "BH49019",
      "x": -73.9348497,
      "y": 41.0997203,
      "uid": "LOC0000000054788619"
    },
    {
      "type": "SDU",
      "name": "BH49350",
      "x": -73.9347134,
      "y": 41.0995522,
      "uid": "LOC0000000053444895"
    },
    {
      "type": "SDU",
      "name": "BH49500",
      "x": -73.9346815,
      "y": 41.0994803,
      "uid": "LOC0000000053444877"
    },
    {
      "type": "SDU",
      "name": "BH49562",
      "x": -73.9382039,
      "y": 41.0999521,
      "uid": "LOC0000000053432572"
    },
    {
      "type": "SDU",
      "name": "BH49852",
      "x": -73.9346515,
      "y": 41.0994064,
      "uid": "LOC0000000053444715"
    },
    {
      "type": "SDU",
      "name": "BH50256",
      "x": -73.9346107,
      "y": 41.0993284,
      "uid": "LOC0000000053444713"
    },
    {
      "type": "SDU",
      "name": "BH50684",
      "x": -73.9385267,
      "y": 41.0990973,
      "uid": "LOC0000000053432315"
    },
    {
      "type": "SDU",
      "name": "BH51029",
      "x": -73.9344244,
      "y": 41.1000952,
      "uid": "LOC0000000048942447"
    },
    {
      "type": "SDU",
      "name": "BH51293",
      "x": -73.9349768,
      "y": 41.1000862,
      "uid": "LOC0000000054788446"
    },
    {
      "type": "SDU",
      "name": "BH51418",
      "x": -73.9349412,
      "y": 41.1000238,
      "uid": "LOC0000000048942189"
    },
    {
      "type": "SDU",
      "name": "BH51500",
      "x": -73.9349014,
      "y": 41.0999544,
      "uid": "LOC0000000053446423"
    },
    {
      "type": "SDU",
      "name": "BH51546",
      "x": -73.9348722,
      "y": 41.0998743,
      "uid": "LOC0000000048942228"
    },
    {
      "type": "SDU",
      "name": "BH51955",
      "x": -73.9365233,
      "y": 41.1018802,
      "uid": "LOC0000000053434347"
    },
    {
      "type": "SDU",
      "name": "BH52046",
      "x": -73.9365941,
      "y": 41.1021703,
      "uid": "LOC0000000053434344"
    },
    {
      "type": "SDU",
      "name": "BH54761",
      "x": -73.9343586,
      "y": 41.099944,
      "uid": "LOC0000000053445165"
    },
    {
      "type": "SDU",
      "name": "BH54835",
      "x": -73.9388969,
      "y": 41.0996651,
      "uid": "LOC0000000049142570"
    },
    {
      "type": "SDU",
      "name": "BH56077",
      "x": -73.9385021,
      "y": 41.0986453,
      "uid": "LOC0000000053432522"
    },
    {
      "type": "SDU",
      "name": "BH56372",
      "x": -73.9343295,
      "y": 41.0998769,
      "uid": "LOC0000000053445193"
    },
    {
      "type": "SDU",
      "name": "BH57134",
      "x": -73.9393621,
      "y": 41.0993735,
      "uid": "LOC0000000049142572"
    },
    {
      "type": "SDU",
      "name": "BH57595",
      "x": -73.9342966,
      "y": 41.0998079,
      "uid": "LOC0000000053445145"
    },
    {
      "type": "SDU",
      "name": "BH59183",
      "x": -73.9388631,
      "y": 41.0983073,
      "uid": "LOC0000000053432523"
    },
    {
      "type": "SDU",
      "name": "BH60077",
      "x": -73.9342649,
      "y": 41.0997252,
      "uid": "LOC0000000053445143"
    }
  ],
  "routes": [
    {
      "type": "Burried",
      "name": "60927-40096 >> PD1632",
      "locationA": "LOC0000000001255633",
      "locationZ": "LOC0000000001284319",
      "uid": "ROT0000000008388687"
    },
    {
      "type": "Burried",
      "name": "60930-40108 >> MS860",
      "locationA": "LOC0000000001270090",
      "locationZ": "LOC0000000001298410",
      "uid": "ROT0000000008374809"
    },
    {
      "type": "Burried",
      "name": "60930-40108 >> PD2803",
      "locationA": "LOC0000000001270090",
      "locationZ": "LOC0000000001291277",
      "uid": "ROT0000000008374810"
    },
    {
      "type": "Burried",
      "name": "60930-40180 >> LB971",
      "locationA": "LOC0000000001270096",
      "locationZ": "LOC0000000001288145",
      "uid": "ROT0000000008369756"
    },
    {
      "type": "Burried",
      "name": "LB971 >> LB972",
      "locationA": "LOC0000000001288145",
      "locationZ": "LOC0000000001288146",
      "uid": "ROT0000000008351448"
    },
    {
      "type": "Burried",
      "name": "LB972 >> LB973",
      "locationA": "LOC0000000001288146",
      "locationZ": "LOC0000000001288147",
      "uid": "ROT0000000008372550"
    },
    {
      "type": "Burried",
      "name": "LB973 >> LB974",
      "locationA": "LOC0000000001288147",
      "locationZ": "LOC0000000001288148",
      "uid": "ROT0000000008343270"
    },
    {
      "type": "Burried",
      "name": "LB974 >> LB975",
      "locationA": "LOC0000000001288148",
      "locationZ": "LOC0000000001288149",
      "uid": "ROT0000000008351776"
    },
    {
      "type": "Burried",
      "name": "LB975 >> LB976",
      "locationA": "LOC0000000001288149",
      "locationZ": "LOC0000000001288150",
      "uid": "ROT0000000008373176"
    },
    {
      "type": "Burried",
      "name": "LB976 >> LB977",
      "locationA": "LOC0000000001288150",
      "locationZ": "LOC0000000001288151",
      "uid": "ROT0000000008371531"
    },
    {
      "type": "Burried",
      "name": "MS164 >> MS861",
      "locationA": "LOC0000000001296594",
      "locationZ": "LOC0000000001298411",
      "uid": "ROT0000000008324472"
    },
    {
      "type": "Burried",
      "name": "MS164 >> PD558",
      "locationA": "LOC0000000001296594",
      "locationZ": "LOC0000000001282975",
      "uid": "ROT0000000008324473"
    },
    {
      "type": "Burried",
      "name": "MS2236 >> PD2804",
      "locationA": "LOC0000000001302477",
      "locationZ": "LOC0000000001291278",
      "uid": "ROT0000000008370787"
    },
    {
      "type": "Burried",
      "name": "MS2288 >> PD2812",
      "locationA": "LOC0000000001302818",
      "locationZ": "LOC0000000001291286",
      "uid": "ROT0000000008354055"
    },
    {
      "type": "Burried",
      "name": "MS2289 >> PD2807",
      "locationA": "LOC0000000001302819",
      "locationZ": "LOC0000000001291281",
      "uid": "ROT0000000008386121"
    },
    {
      "type": "Burried",
      "name": "MS860 >> MS164",
      "locationA": "LOC0000000001298410",
      "locationZ": "LOC0000000001296594",
      "uid": "ROT0000000008351084"
    },
    {
      "type": "Burried",
      "name": "MS861 >> PD3898",
      "locationA": "LOC0000000001298411",
      "locationZ": "LOC0000000001293626",
      "uid": "ROT0000000008329990"
    },
    {
      "type": "Burried",
      "name": "PD1626 >> PD1627",
      "locationA": "LOC0000000001284313",
      "locationZ": "LOC0000000001284314",
      "uid": "ROT0000000008361640"
    },
    {
      "type": "Burried",
      "name": "PD1626 >> PD1630",
      "locationA": "LOC0000000001284313",
      "locationZ": "LOC0000000001284317",
      "uid": "ROT0000000008361639"
    },
    {
      "type": "Burried",
      "name": "PD1627 >> PD1628",
      "locationA": "LOC0000000001284314",
      "locationZ": "LOC0000000001284315",
      "uid": "ROT0000000008378786"
    },
    {
      "type": "Burried",
      "name": "PD1627 >> PD1629",
      "locationA": "LOC0000000001284314",
      "locationZ": "LOC0000000001284316",
      "uid": "ROT0000000008378785"
    },
    {
      "type": "Burried",
      "name": "PD1632 >> PD1631",
      "locationA": "LOC0000000001284319",
      "locationZ": "LOC0000000001284318",
      "uid": "ROT0000000008324540"
    },
    {
      "type": "Burried",
      "name": "PD2803 >> MS2236",
      "locationA": "LOC0000000001291277",
      "locationZ": "LOC0000000001302477",
      "uid": "ROT0000000008356145"
    },
    {
      "type": "Burried",
      "name": "PD2803 >> PD2813",
      "locationA": "LOC0000000001291277",
      "locationZ": "LOC0000000001291287",
      "uid": "ROT0000000008356146"
    },
    {
      "type": "Burried",
      "name": "PD2804 >> 60930-40108",
      "locationA": "LOC0000000001291278",
      "locationZ": "LOC0000000001270090",
      "uid": "ROT0000000008331921"
    },
    {
      "type": "Burried",
      "name": "PD2804 >> MS2288",
      "locationA": "LOC0000000001291278",
      "locationZ": "LOC0000000001302818",
      "uid": "ROT0000000008331919"
    },
    {
      "type": "Burried",
      "name": "PD2804 >> PD2493",
      "locationA": "LOC0000000001291278",
      "locationZ": "LOC0000000001288360",
      "uid": "ROT0000000008331920"
    },
    {
      "type": "Burried",
      "name": "PD2805 >> PD2814",
      "locationA": "LOC0000000001291279",
      "locationZ": "LOC0000000001291288",
      "uid": "ROT0000000008335223"
    },
    {
      "type": "Burried",
      "name": "PD2805 >> PD2815",
      "locationA": "LOC0000000001291279",
      "locationZ": "LOC0000000001291289",
      "uid": "ROT0000000008335224"
    },
    {
      "type": "Burried",
      "name": "PD2806 >> PD2816",
      "locationA": "LOC0000000001291280",
      "locationZ": "LOC0000000001291290",
      "uid": "ROT0000000008325359"
    },
    {
      "type": "Burried",
      "name": "PD2806 >> PD2817",
      "locationA": "LOC0000000001291280",
      "locationZ": "LOC0000000001291291",
      "uid": "ROT0000000008325358"
    },
    {
      "type": "Burried",
      "name": "PD2807 >> PD2808",
      "locationA": "LOC0000000001291281",
      "locationZ": "LOC0000000001291282",
      "uid": "ROT0000000008351433"
    },
    {
      "type": "Burried",
      "name": "PD2807 >> PD2824",
      "locationA": "LOC0000000001291281",
      "locationZ": "LOC0000000001291298",
      "uid": "ROT0000000008351435"
    },
    {
      "type": "Burried",
      "name": "PD2807 >> PD2825",
      "locationA": "LOC0000000001291281",
      "locationZ": "LOC0000000001291299",
      "uid": "ROT0000000008351434"
    },
    {
      "type": "Burried",
      "name": "PD2808 >> PD2809",
      "locationA": "LOC0000000001291282",
      "locationZ": "LOC0000000001291283",
      "uid": "ROT0000000008324371"
    },
    {
      "type": "Burried",
      "name": "PD2808 >> PD2822",
      "locationA": "LOC0000000001291282",
      "locationZ": "LOC0000000001291296",
      "uid": "ROT0000000008324372"
    },
    {
      "type": "Burried",
      "name": "PD2808 >> PD2823",
      "locationA": "LOC0000000001291282",
      "locationZ": "LOC0000000001291297",
      "uid": "ROT0000000008324370"
    },
    {
      "type": "Burried",
      "name": "PD2809 >> PD2810",
      "locationA": "LOC0000000001291283",
      "locationZ": "LOC0000000001291284",
      "uid": "ROT0000000008362656"
    },
    {
      "type": "Burried",
      "name": "PD2809 >> PD2821",
      "locationA": "LOC0000000001291283",
      "locationZ": "LOC0000000001291295",
      "uid": "ROT0000000008362655"
    },
    {
      "type": "Burried",
      "name": "PD2810 >> PD2811",
      "locationA": "LOC0000000001291284",
      "locationZ": "LOC0000000001291285",
      "uid": "ROT0000000008350916"
    },
    {
      "type": "Burried",
      "name": "PD2810 >> PD2818",
      "locationA": "LOC0000000001291284",
      "locationZ": "LOC0000000001291292",
      "uid": "ROT0000000008350915"
    },
    {
      "type": "Burried",
      "name": "PD2810 >> PD2819",
      "locationA": "LOC0000000001291284",
      "locationZ": "LOC0000000001291293",
      "uid": "ROT0000000008350914"
    },
    {
      "type": "Burried",
      "name": "PD2811 >> PD2820",
      "locationA": "LOC0000000001291285",
      "locationZ": "LOC0000000001291294",
      "uid": "ROT0000000008375739"
    },
    {
      "type": "Burried",
      "name": "PD2812 >> MS2289",
      "locationA": "LOC0000000001291286",
      "locationZ": "LOC0000000001302819",
      "uid": "ROT0000000008376071"
    },
    {
      "type": "Burried",
      "name": "PD2812 >> PD2491",
      "locationA": "LOC0000000001291286",
      "locationZ": "LOC0000000001288358",
      "uid": "ROT0000000008376069"
    },
    {
      "type": "Burried",
      "name": "PD2812 >> PD2492",
      "locationA": "LOC0000000001291286",
      "locationZ": "LOC0000000001288359",
      "uid": "ROT0000000008376070"
    },
    {
      "type": "Conduct",
      "name": "MS2288 >> PD2805",
      "locationA": "LOC0000000001302818",
      "locationZ": "LOC0000000001291279",
      "uid": "ROT0000000008354054"
    },
    {
      "type": "Conduct",
      "name": "MS2289 >> PD2806",
      "locationA": "LOC0000000001302819",
      "locationZ": "LOC0000000001291280",
      "uid": "ROT0000000008386120"
    },
    {
      "type": "Conduct",
      "name": "PD1631 >> PD1630",
      "locationA": "LOC0000000001284318",
      "locationZ": "LOC0000000001284317",
      "uid": "ROT0000000008343376"
    },
    {
      "type": "No Support",
      "name": "NT >> NT",
      "locationA": "LOC0000000001255967",
      "locationZ": "LOC0000000001255992",
      "uid": "ROT0000000008377964"
    },
    {
      "type": "No Support",
      "name": "NT >> NT",
      "locationA": "LOC0000000001255836",
      "locationZ": "LOC0000000001255967",
      "uid": "ROT0000000008344486"
    },
    {
      "type": "Supported",
      "name": "60797-40116 >> 61093-40114",
      "locationA": "LOC0000000001270099",
      "locationZ": "LOC0000000001270100",
      "uid": "ROT0000000008377036"
    },
    {
      "type": "Supported",
      "name": "60926-40086 >> 60928-40069",
      "locationA": "LOC0000000001255639",
      "locationZ": "LOC0000000001255647",
      "uid": "ROT0000000008383720"
    },
    {
      "type": "Supported",
      "name": "60927-40096 >> 60926-40086",
      "locationA": "LOC0000000001255633",
      "locationZ": "LOC0000000001255639",
      "uid": "ROT0000000008388689"
    },
    {
      "type": "Supported",
      "name": "60927-40096 >> 60930-40108",
      "locationA": "LOC0000000001255633",
      "locationZ": "LOC0000000001270090",
      "uid": "ROT0000000008388688"
    },
    {
      "type": "Supported",
      "name": "60928-40069 >> 60934-40056",
      "locationA": "LOC0000000001255647",
      "locationZ": "LOC0000000001255653",
      "uid": "ROT0000000008330669"
    },
    {
      "type": "Supported",
      "name": "60929-40148 >> MS2221",
      "locationA": "LOC0000000001270112",
      "locationZ": "LOC0000000001302300",
      "uid": "ROT0000000008352555"
    },
    {
      "type": "Supported",
      "name": "60930-40108 >> 60932-40122",
      "locationA": "LOC0000000001270090",
      "locationZ": "LOC0000000001270091",
      "uid": "ROT0000000008374811"
    },
    {
      "type": "Supported",
      "name": "60930-40180 >> 60926-40193",
      "locationA": "LOC0000000001270096",
      "locationZ": "LOC0000000001270113",
      "uid": "ROT0000000008369757"
    },
    {
      "type": "Supported",
      "name": "60932-40122 >> 60934-40136",
      "locationA": "LOC0000000001270091",
      "locationZ": "LOC0000000001270092",
      "uid": "ROT0000000008376296"
    },
    {
      "type": "Supported",
      "name": "60932-40122 >> 60947-40120",
      "locationA": "LOC0000000001270091",
      "locationZ": "LOC0000000001270097",
      "uid": "ROT0000000008376297"
    },
    {
      "type": "Supported",
      "name": "60933-40158 >> 60934-40170",
      "locationA": "LOC0000000001270094",
      "locationZ": "LOC0000000001270095",
      "uid": "ROT0000000008357509"
    },
    {
      "type": "Supported",
      "name": "60934-40056 >> 60935-40053",
      "locationA": "LOC0000000001255653",
      "locationZ": "LOC0000000001255994",
      "uid": "ROT0000000008375954"
    },
    {
      "type": "Supported",
      "name": "60934-40056 >> 60938-40059",
      "locationA": "LOC0000000001255653",
      "locationZ": "LOC0000000001255800",
      "uid": "ROT0000000008375953"
    },
    {
      "type": "Supported",
      "name": "60934-40136 >> 60934-40149",
      "locationA": "LOC0000000001270092",
      "locationZ": "LOC0000000001270093",
      "uid": "ROT0000000008363416"
    },
    {
      "type": "Supported",
      "name": "60934-40149 >> 60929-40148",
      "locationA": "LOC0000000001270093",
      "locationZ": "LOC0000000001270112",
      "uid": "ROT0000000008360165"
    },
    {
      "type": "Supported",
      "name": "60934-40149 >> 60933-40158",
      "locationA": "LOC0000000001270093",
      "locationZ": "LOC0000000001270094",
      "uid": "ROT0000000008360166"
    },
    {
      "type": "Supported",
      "name": "60934-40170 >> 60930-40180",
      "locationA": "LOC0000000001270095",
      "locationZ": "LOC0000000001270096",
      "uid": "ROT0000000008359040"
    },
    {
      "type": "Supported",
      "name": "60938-40059 >> 60948-40066",
      "locationA": "LOC0000000001255800",
      "locationZ": "LOC0000000001255814",
      "uid": "ROT0000000008340213"
    },
    {
      "type": "Supported",
      "name": "60947-40120 >> 60962-40118",
      "locationA": "LOC0000000001270097",
      "locationZ": "LOC0000000001270098",
      "uid": "ROT0000000008363635"
    },
    {
      "type": "Supported",
      "name": "60948-40066 >> NT",
      "locationA": "LOC0000000001255814",
      "locationZ": "LOC0000000001255817",
      "uid": "ROT0000000008326370"
    },
    {
      "type": "Supported",
      "name": "60962-40118 >> 60797-40116",
      "locationA": "LOC0000000001270098",
      "locationZ": "LOC0000000001270099",
      "uid": "ROT0000000008325102"
    },
    {
      "type": "Supported",
      "name": "61006-40113 >> 61011-40129",
      "locationA": "LOC0000000001270101",
      "locationZ": "LOC0000000001270106",
      "uid": "ROT0000000008362307"
    },
    {
      "type": "Supported",
      "name": "61006-40113 >> 61022-40106",
      "locationA": "LOC0000000001270101",
      "locationZ": "LOC0000000001270102",
      "uid": "ROT0000000008362306"
    },
    {
      "type": "Supported",
      "name": "61011-40129 >> NT",
      "locationA": "LOC0000000001270106",
      "locationZ": "LOC0000000001270107",
      "uid": "ROT0000000008382392"
    },
    {
      "type": "Supported",
      "name": "61022-40106 >> 61037-40100",
      "locationA": "LOC0000000001270102",
      "locationZ": "LOC0000000001270103",
      "uid": "ROT0000000008364557"
    },
    {
      "type": "Supported",
      "name": "61037-40100 >> 61041-40113",
      "locationA": "LOC0000000001270103",
      "locationZ": "LOC0000000001270104",
      "uid": "ROT0000000008351651"
    },
    {
      "type": "Supported",
      "name": "61041-40113 >> 61043-40126",
      "locationA": "LOC0000000001270104",
      "locationZ": "LOC0000000001270105",
      "uid": "ROT0000000008351016"
    },
    {
      "type": "Supported",
      "name": "61093-40114 >> 61006-40113",
      "locationA": "LOC0000000001270100",
      "locationZ": "LOC0000000001270101",
      "uid": "ROT0000000008329729"
    },
    {
      "type": "Supported",
      "name": "LB820 >> MS2221",
      "locationA": "LOC0000000001287614",
      "locationZ": "LOC0000000001302300",
      "uid": "ROT0000000008329295"
    },
    {
      "type": "Supported",
      "name": "NT >> NT",
      "locationA": "LOC0000000001255817",
      "locationZ": "LOC0000000001255823",
      "uid": "ROT0000000008367776"
    },
    {
      "type": "Supported",
      "name": "NT >> NT",
      "locationA": "LOC0000000001255823",
      "locationZ": "LOC0000000001255834",
      "uid": "ROT0000000008355458"
    },
    {
      "type": "Supported",
      "name": "NT >> NT",
      "locationA": "LOC0000000001255834",
      "locationZ": "LOC0000000001255836",
      "uid": "ROT0000000008351847"
    },
    {
      "type": "Supported",
      "name": "NT >> NT",
      "locationA": "LOC0000000001270107",
      "locationZ": "LOC0000000001270108",
      "uid": "ROT0000000008389427"
    },
    {
      "type": "Supported",
      "name": "NT >> NT",
      "locationA": "LOC0000000001270108",
      "locationZ": "LOC0000000001270109",
      "uid": "ROT0000000008365418"
    }
  ]
}